Date,Open,High,Low,Close,Volume,ticker
2023-04-24,148.7842794230768,149.80854436847886,148.03436119193367,149.6896514892578,5278900,JNJ
2023-04-25,150.26584408692463,151.2169594431559,150.1286706963945,151.0614776611328,6263100,JNJ
2023-04-26,150.0646307777473,150.3389914834513,148.37276534260866,148.72027587890625,5518200,JNJ
2023-04-27,148.9763518325596,149.4427692489413,148.27217651944767,149.06781005859375,5739700,JNJ
2023-04-28,148.89403413557338,149.76283138489066,148.66540254603908,149.7079620361328,6024900,JNJ
2023-05-01,149.61651611328125,150.25668176596255,148.37275972182985,149.61651611328125,4893400,JNJ
2023-05-02,150.29326045995606,151.3358199647059,149.57993100694642,150.92428588867188,7541700,JNJ
2023-05-03,151.3998516364279,151.97599379197842,148.61968350480456,148.94891357421875,5937200,JNJ
2023-05-04,148.7751493813436,148.97634630750412,147.46738331586567,148.2721710205078,5128000,JNJ
2023-05-05,148.9214740559271,149.1866945236859,147.86977428884768,148.775146484375,5194500,JNJ
2023-05-08,148.14417209267492,148.67459920644805,147.54972141735405,148.4368133544922,4994900,JNJ
2023-05-09,147.92466590074272,148.27219044683665,147.0467142938724,147.2845001220703,5520500,JNJ
2023-05-10,147.4216720342264,148.12586136095533,146.37911236101542,147.8332061767578,6756600,JNJ
2023-05-11,147.99778242929034,148.32701243239472,145.76633618097864,147.22958374023438,5867600,JNJ
2023-05-12,147.5679788606741,147.75088134777604,146.33336265224682,147.0375518798828,3904200,JNJ
2023-05-15,147.0558472034851,147.2661843671949,145.3548275494854,145.91268920898438,5104500,JNJ
2023-05-16,145.46457579863466,146.55286451355641,144.97987789351987,145.72064208984375,5599200,JNJ
2023-05-17,146.13215309805625,146.3790791093099,144.28481999707972,145.40054321289062,6840700,JNJ
2023-05-18,145.0987650783033,145.34567716430027,144.0927804349484,144.93414306640625,5173000,JNJ
2023-05-19,145.03473743393724,146.2601994524515,144.62320334766784,145.327392578125,6527100,JNJ
2023-05-22,145.58539066469842,146.6358163387458,144.46124918161314,144.54417419433594,5675900,JNJ
2023-05-23,144.7561131681918,145.83418051873556,144.08346167967875,144.4888916015625,5793000,JNJ
2023-05-24,144.73767492936807,144.7929582692654,143.66881682517834,144.35067749023438,5015100,JNJ
2023-05-25,143.7886046816044,144.0097380379847,141.6416793010146,142.2774658203125,6886100,JNJ
2023-05-26,142.53544956488943,143.0790877569874,142.08394557526438,142.22216796875,6845400,JNJ
2023-05-30,141.87202040026588,143.17123496628054,141.2730988791191,142.24058532714844,5593100,JNJ
2023-05-31,142.54465922936575,143.45687641386564,141.7614552364777,142.87637329101562,11324600,JNJ
2023-06-01,142.3972625732422,142.8579758796987,141.11648014368726,142.3972625732422,7901300,JNJ
2023-06-02,142.56311235073477,144.94960366403294,141.98260914377195,144.63632202148438,7659700,JNJ
2023-06-05,144.43361778913342,146.17511347950776,144.43361778913342,145.88026428222656,6430500,JNJ
2023-06-06,147.04121070076843,147.06885236499167,145.03249405483265,145.75120544433594,5073600,JNJ
2023-06-07,145.67754720322614,146.32254299407322,145.06940228906157,146.06454467773438,6504300,JNJ
2023-06-08,146.04606519652523,147.81520196472079,145.41950207564,147.6677703857422,5818400,JNJ
2023-06-09,147.81525777374858,148.1008977784599,146.93990529032064,147.43746948242188,6264400,JNJ
2023-06-12,147.42822309247475,147.65857969105676,146.25800763491998,147.33607482910156,6510600,JNJ
2023-06-13,147.17945761615366,148.20224164016258,146.64502853461397,148.110107421875,6066800,JNJ
2023-06-14,148.90254181681507,149.34482264102493,148.33124777319622,148.8656768798828,6699100,JNJ
2023-06-15,149.31715319552757,151.03100688790258,148.74585925816837,150.86514282226562,7138300,JNJ
2023-06-16,151.55622331895324,152.02615982151704,150.994152604407,151.32586669921875,13426600,JNJ
2023-06-20,151.3535100137235,152.32101063909369,150.93887090566554,151.23373413085938,7995800,JNJ
2023-06-21,150.72692621260282,151.96163416519838,149.90685731156842,151.00335693359375,7177500,JNJ
2023-06-22,151.02177396255973,152.6987766774101,150.92041650111437,152.60662841796875,5485900,JNJ
2023-06-23,153.05816435684972,153.20559597880413,152.06302199843734,152.4776611328125,9450700,JNJ
2023-06-26,152.01694287503747,152.01694287503747,148.65374171110702,150.7730255126953,6978800,JNJ
2023-06-27,150.8190725451151,151.0033690805011,149.67651276089103,150.459716796875,4927500,JNJ
2023-06-28,150.37680352997742,150.37680352997742,149.18816951912444,150.15567016601562,6780400,JNJ
2023-06-29,149.86079640942916,151.40880014770815,149.48300819272308,151.20608520507812,4547500,JNJ
2023-06-30,151.90636627237808,152.90150853317903,151.43644384082705,152.51451110839844,7580000,JNJ
2023-07-03,151.42724852856978,151.47332267189728,150.15568934382816,150.51504516601562,4033700,JNJ
2023-07-05,150.18332014668945,151.0402400991634,149.94374024267037,150.0174560546875,7224600,JNJ
2023-07-06,149.50144845182786,149.61201513180737,148.34966533586615,148.90252685546875,6332500,JNJ
2023-07-07,147.86130879199195,148.3865145759663,146.69109322229662,146.73716735839844,7022200,JNJ
2023-07-10,146.9029992911734,147.70464979306678,146.50679270115015,146.97671508789062,5739200,JNJ
2023-07-11,146.62660681527987,147.70467415788366,145.21682536265547,146.1658935546875,6606700,JNJ
2023-07-12,146.45153074913884,146.45153074913884,145.47482090478337,145.6591033935547,6940400,JNJ
2023-07-13,145.58540329284693,146.62661985352506,145.04176497137155,146.33175659179688,6401700,JNJ
2023-07-14,146.67266985885033,147.64017053762558,146.48838736285816,147.30845642089844,5362200,JNJ
2023-07-17,147.19788284911036,147.30844952956252,145.72359483043647,146.57131958007812,5486800,JNJ
2023-07-18,146.57131127544545,148.2483000933137,145.76045150513232,146.5620880126953,6332500,JNJ
2023-07-19,145.50245677685615,147.80602294433274,144.96802773881933,146.26724243164062,7522600,JNJ
2023-07-20,149.2158360891803,155.85010525229353,148.62612358712255,155.1498260498047,21892900,JNJ
2023-07-21,154.9654898007175,157.3980690663432,154.9654898007175,156.81756591796875,12080000,JNJ
2023-07-24,158.02464698442253,160.16236324337848,157.5547245243249,157.6376495361328,15155400,JNJ
2023-07-25,157.0571416719184,159.11191879822263,156.41214594391397,158.84471130371094,13790100,JNJ
2023-07-26,158.48534504281065,160.18998955238612,157.93248356406957,159.14877319335938,14288200,JNJ
2023-07-27,158.65120899959882,160.59541948898197,158.52220985119746,160.04257202148438,12446400,JNJ
2023-07-28,160.32821176835012,161.58135237674972,159.61870942319118,160.77049255371094,14138800,JNJ
2023-07-31,156.35687717614258,156.84523213427656,153.6110299296783,154.36659240722656,22632700,JNJ
2023-08-01,153.29772175063545,155.80400294634643,153.0120817862464,155.61972045898438,15810300,JNJ
2023-08-02,155.58287569604218,157.78508454716493,155.58287569604218,156.55958557128906,14595600,JNJ
2023-08-03,156.5964217543582,157.85878554663066,156.33842347415327,157.23220825195312,17424800,JNJ
2023-08-04,156.95576111997414,159.1118954050955,154.69826937393591,155.75790405273438,23415100,JNJ
2023-08-07,156.17258167591527,159.72006524522718,156.05279173243025,159.49893188476562,17736400,JNJ
2023-08-08,159.39755737211024,159.91355390450943,157.92326951395455,159.57261657714844,27378700,JNJ
2023-08-09,159.40680686378337,160.5585901503714,158.5314543779474,159.4713134765625,42974400,JNJ
2023-08-10,160.32822588857388,162.14343738692824,158.15365858424275,158.6420135498047,48213800,JNJ
2023-08-11,158.92760830025503,160.28210612024483,158.13518109985182,160.18997192382812,45905600,JNJ
2023-08-14,159.88592588819444,161.8024946434898,158.25499709058957,159.8122100830078,64036900,JNJ
2023-08-15,159.22248707055405,160.8441924968265,158.61434226325767,159.3514862060547,88958100,JNJ
2023-08-16,158.97371044931182,161.0008459058339,158.6051454789814,158.84471130371094,85832700,JNJ
2023-08-17,159.27779792661605,161.60900603086557,159.18564964540033,160.33743286132812,70904200,JNJ
2023-08-18,159.56342239063585,160.3189988555041,157.8495685696823,158.93685913085938,49631700,JNJ
2023-08-21,156.35684851921954,156.50428011801154,152.9199319740062,154.20071411132812,151319500,JNJ
2023-08-22,153.74922988878964,154.65222394280073,152.41316424502924,152.97523498535156,56834800,JNJ
2023-08-23,152.86466006362042,153.41752162133238,150.62560028057928,151.60231018066406,119011400,JNJ
2023-08-24,151.1415763654428,153.57414158110282,150.9849355593412,152.1182861328125,70755100,JNJ
2023-08-25,152.48953790970398,155.71937923997473,152.26678485998644,154.2993621826172,18185500,JNJ
2023-08-28,153.13922408000292,154.26225128784057,151.44076916804715,152.48025512695312,18458000,JNJ
2023-08-29,153.01859868672503,153.7703709620113,151.06956207708234,152.4988555908203,12208600,JNJ
2023-08-30,153.24131555297947,153.9095605645017,151.91410159661896,151.96051025390625,9939100,JNJ
2023-08-31,151.62639581794016,151.81203045696913,149.68663563272543,150.05787658691406,15333000,JNJ
2023-09-01,149.81653868572903,150.80033974535755,148.50789124063158,148.94410705566406,8610100,JNJ
2023-09-05,149.0183760403992,150.32702364337314,148.7585045654455,149.12974548339844,9019800,JNJ
2023-09-06,148.35015800477024,148.49866006369854,146.03915667116783,146.65170288085938,9753800,JNJ
2023-09-07,147.70045092701136,149.48243280724193,147.55194889650886,148.52647399902344,9931800,JNJ
2023-09-08,148.1180975129001,149.12974102169852,147.74685660605405,149.01837158203125,6957000,JNJ
2023-09-11,149.48244563554272,150.99528010700757,148.91629398735736,150.96743774414062,6309300,JNJ
2023-09-12,150.5590804005815,152.14615190244362,149.91867766188997,151.82131958007812,6045800,JNJ
2023-09-13,151.9883510140448,153.09281190094643,151.2829875812871,152.2018280029297,7397500,JNJ
2023-09-14,152.8422204821787,153.38981998762867,151.69136507030595,151.9698028564453,7758400,JNJ
2023-09-15,152.19253974052842,152.97216836378192,149.6216672315149,149.8444061279297,13392100,JNJ
2023-09-18,150.46623024672482,151.42218903125044,149.19471527665206,150.79107666015625,5789000,JNJ
2023-09-19,150.586890221101,151.1437657418535,149.77943346174933,150.5404815673828,5550800,JNJ
2023-09-20,150.53123306691413,151.78418197514998,150.039332403676,151.19947814941406,3837400,JNJ
2023-09-21,150.8839113420461,151.74705291871763,149.97434694447264,150.03932189941406,4526700,JNJ
2023-09-22,149.70518826327586,149.79799141238422,148.73066314507125,148.9626922607422,4976700,JNJ
2023-09-25,148.56359897920223,148.83274650401262,147.31991223985338,148.73992919921875,6722500,JNJ
2023-09-26,148.32230190425352,148.5728973352478,147.440594024159,147.58909606933594,4904800,JNJ
2023-09-27,147.180738847246,147.3477930451442,144.099384796832,145.81640625,10211600,JNJ
2023-09-28,146.1783635474466,146.60530341191608,144.9903754401428,145.60293579101562,7861900,JNJ
2023-09-29,146.0576823121759,146.27115929388646,144.18289726555204,144.55413818359375,7680700,JNJ
2023-10-02,144.2478793813405,144.2478793813405,142.29884303054376,143.99728393554688,7259700,JNJ
2023-10-03,143.56105420972898,144.32211654163183,142.82784840195814,144.17361450195312,5740800,JNJ
2023-10-04,144.38710690478192,144.72121528681654,143.45899030063555,144.3406982421875,4955200,JNJ
2023-10-05,145.03676621711298,146.67952218923926,144.8511457535993,145.84422302246094,5993300,JNJ
2023-10-06,145.78854558563197,146.92084888016785,145.3337633896514,146.30828857421875,5802200,JNJ
2023-10-09,145.8813310576126,147.4591402899076,145.79780397927206,147.14356994628906,4414100,JNJ
2023-10-10,146.99508301735955,147.8211060640413,146.5495769395137,146.9765167236328,5273500,JNJ
2023-10-11,147.06930406899124,147.61688924594705,144.82325032940523,144.95318603515625,6922900,JNJ
2023-10-12,144.71193706082948,145.30593111214688,143.9230464562319,145.09246826171875,5792400,JNJ
2023-10-13,145.46367438912642,146.04839223277588,144.83256205662315,145.57505798339844,5359800,JNJ
2023-10-16,146.4753690208299,146.87445236222098,145.5658045536836,146.20620727539062,6408100,JNJ
2023-10-17,144.76762706385446,147.52413457042593,143.49611182063867,144.86972045898438,12244400,JNJ
2023-10-18,144.2385956668851,144.73977236996714,141.1201235090008,141.75123596191406,9097300,JNJ
2023-10-19,140.76741286357492,142.10390274714567,139.35667196848,141.37069702148438,7733800,JNJ
2023-10-20,141.7605410847049,142.80930326069443,141.3800098623858,142.00184631347656,7207000,JNJ
2023-10-23,141.87188545680888,142.46587943651636,140.34049893219958,140.50755310058594,5874000,JNJ
2023-10-24,139.91357782038136,141.03660514060584,139.3381500586774,140.35906982421875,6155300,JNJ
2023-10-25,140.3683566699609,141.23149829170868,139.43094986043917,140.6746368408203,5880800,JNJ
2023-10-26,141.04585943369494,141.04585943369494,138.1779829737099,138.2893524169922,7612500,JNJ
2023-10-27,137.81603003614515,137.9738081484137,134.53048955593,135.13377380371094,11385800,JNJ
2023-10-30,135.58853624067433,136.6558787140512,135.50500915444326,136.46096801757812,8205300,JNJ
2023-10-31,136.93429235098026,137.8624087843694,136.0989932257032,137.67678833007812,7576900,JNJ
2023-11-01,138.46569090021018,138.99470989515495,137.7881698792718,138.0016326904297,5733000,JNJ
2023-11-02,137.09208265438073,139.5887039286113,136.9342904004513,139.44021606445312,5349100,JNJ
2023-11-03,140.34049035954845,141.32429150066253,139.35667505650164,140.4611358642578,4926800,JNJ
2023-11-06,140.86953911479276,141.4728092515802,140.48900790263542,140.7952880859375,4851400,JNJ
2023-11-07,141.00872369119455,141.3057277492163,139.84857814317144,140.05276489257812,4840400,JNJ
2023-11-08,140.47044442369997,140.91593639892181,139.53303765179285,139.54232788085938,5460000,JNJ
2023-11-09,139.68153762059563,139.68153762059563,136.67443496820803,136.82293701171875,6973600,JNJ
2023-11-10,137.59326231459406,137.82529142473672,135.17087783822743,136.66514587402344,6930700,JNJ
2023-11-13,136.665179176813,137.26844934541657,136.1083035119971,137.0178680419922,5889300,JNJ
2023-11-14,137.02711851924366,137.862417698531,136.40528216809705,137.04568481445312,6713600,JNJ
2023-11-15,136.75796324103356,138.6791569096269,136.68371222632436,138.10372924804688,6729100,JNJ
2023-11-16,138.7533967323625,139.3752329982195,137.95521609103682,139.31027221679688,6875600,JNJ
2023-11-17,139.72793003393224,139.9506689113672,138.35432169599682,139.02255249023438,7023300,JNJ
2023-11-20,138.3770556909202,140.70656355922554,138.03089285449911,140.24815368652344,8851700,JNJ
2023-11-21,140.4258926323287,141.53918380851164,139.9674685418936,141.38014221191406,5916300,JNJ
2023-11-22,141.85726426394518,142.24082840957658,140.69717865246963,141.09947204589844,4633500,JNJ
2023-11-24,141.1369191220992,142.8396108356228,141.1369191220992,142.6712188720703,3351400,JNJ
2023-11-27,142.47476086698134,142.50284047225725,141.23984352402067,141.5298614501953,6449700,JNJ
2023-11-28,141.64209802024047,142.02567649605507,141.11819291929532,141.85728454589844,5909000,JNJ
2023-11-29,141.57660849181153,142.39053141922517,141.33337093112328,142.30633544921875,5190000,JNJ
2023-11-30,142.44669036131876,145.1410761394731,142.12860711677146,144.6920166015625,12481900,JNJ
2023-12-01,146.3572891099728,148.24710210341533,145.44980543009595,148.17225646972656,10342900,JNJ
2023-12-04,147.81672704362893,149.70653982951072,147.81672704362893,148.6400146484375,8920300,JNJ
2023-12-05,148.56517079846597,149.34167811221891,148.02255071384306,148.33128356933594,7268200,JNJ
2023-12-06,148.30323221605622,148.43420850569504,146.10468634496345,146.5256805419922,6642900,JNJ
2023-12-07,146.4882477220429,146.4882477220429,144.73877585614562,145.38429260253906,6532400,JNJ
2023-12-08,145.40303257654685,145.80532609382342,143.9248633549637,144.4674835205078,6254700,JNJ
2023-12-11,144.54228759029215,145.45912140444884,144.40196098237996,145.06619262695312,6090400,JNJ
2023-12-12,145.01008150615567,145.30946401046228,143.74708476354527,145.07557678222656,5324400,JNJ
2023-12-13,143.75645126328445,145.88950167057897,141.98826436578128,145.74916076660156,10764600,JNJ
2023-12-14,146.38535337037308,147.0308844653029,145.05687550161443,146.7595672607422,9240700,JNJ
2023-12-15,145.46852293012844,146.59117890423943,143.850012839812,145.1597900390625,21727800,JNJ
2023-12-18,145.20655016351935,146.3572713063969,144.78554174081538,145.42172241210938,7231400,JNJ
2023-12-19,145.29075163675992,146.41340749732564,144.95395345105584,146.37599182128906,6651500,JNJ
2023-12-20,146.45083656407715,146.56311215314025,143.24191029397923,143.3916015625,7008300,JNJ
2023-12-21,143.78452174650104,145.13171453108265,143.4196582236222,144.8603973388672,4598600,JNJ
2023-12-22,145.24398862530253,146.44149025583778,145.02881634295437,145.44046020507812,3798900,JNJ
2023-12-26,145.01010428142234,146.27310122239885,144.86977763257863,146.07662963867188,4170000,JNJ
2023-12-27,145.47786421659418,146.4321281590342,145.40301858627103,146.27308654785156,5288100,JNJ
2023-12-28,145.9456306490189,147.1057164420194,145.9362802989984,146.48825073242188,4377500,JNJ
2023-12-29,146.4227834010715,146.78764697631462,145.92694352382694,146.63796997070312,4313700,JNJ
2024-01-02,146.81569782402326,151.2221398983621,146.68472153494233,149.65977478027344,9622100,JNJ
2024-01-03,150.28660400387386,151.03504612475427,149.50074620085516,150.5953369140625,8232000,JNJ
2024-01-04,151.17534061338628,151.54020410682824,150.0807501330604,150.2772216796875,6766600,JNJ
2024-01-05,150.15560995570377,150.94146766583788,149.1919956568941,150.74501037597656,5602500,JNJ
2024-01-08,150.71693773281265,151.24084284747087,149.32296469354128,151.1192169189453,6569800,JNJ
2024-01-09,151.21279907226562,152.7564493104776,150.24918468289886,151.21279907226562,6357000,JNJ
2024-01-10,151.39055086331476,152.13897866692255,150.8105007575698,151.43731689453125,4945100,JNJ
2024-01-11,151.62443530515444,151.7460469695425,150.4175690848592,150.7637176513672,4946000,JNJ
2024-01-12,151.40924281566882,151.99864323852637,151.2689161794382,151.92379760742188,4496900,JNJ
2024-01-16,151.1566302672184,151.79279661504324,149.85620369820634,150.17430114746094,6923200,JNJ
2024-01-17,149.921726441277,150.904055741047,149.5662132550844,150.09011840820312,5072100,JNJ
2024-01-18,149.68781906471133,150.9695164473432,149.3978011993283,150.81983947753906,5368500,JNJ
2024-01-19,150.76369697657248,151.48407361449242,149.94977401543971,151.25953674316406,7071300,JNJ
2024-01-22,151.5589175961533,153.03708653019396,150.94145191319777,151.99862670898438,6824200,JNJ
2024-01-23,149.3697441727501,150.16495219049938,146.79698463965894,149.51007080078125,9149800,JNJ
2024-01-24,149.45396702581198,150.2491894619094,147.96644739980718,148.7148895263672,7247900,JNJ
2024-01-25,148.752309378934,149.33234526248935,148.25646948969862,149.27621459960938,5478900,JNJ
2024-01-26,150.09011595477833,150.38014812976252,149.08908596972068,149.22006225585938,5591900,JNJ
2024-01-29,148.76161774358326,149.75331151749896,148.71485172128052,149.0890655517578,6483200,JNJ
2024-01-30,149.07971415934642,149.46327833653217,147.93834342643083,148.53709411621094,7200500,JNJ
2024-01-31,150.0620453439096,150.26786725421576,148.44354966317863,148.65872192382812,8256800,JNJ
2024-02-01,147.96641175902295,148.27514459718972,146.9279519489503,148.1535186767578,8012000,JNJ
2024-02-02,147.7886433105155,148.10672647262928,145.88948041125633,146.51629638671875,8295900,JNJ
2024-02-05,146.51632203060015,146.77827459528794,145.32817086375937,145.75852966308594,9121600,JNJ
2024-02-06,145.78660866551195,148.4996951722907,145.57143638333596,147.8728790283203,9229900,JNJ
2024-02-07,147.6296122086157,149.09841648813125,147.5267012635279,147.79800415039062,8690300,JNJ
2024-02-08,147.19930376242607,147.19930376242607,145.30014007928116,146.31988525390625,9755000,JNJ
2024-02-09,146.1982064618436,147.06825994302744,145.63687150438622,146.6566162109375,6529200,JNJ
2024-02-12,146.4882859736859,148.20034261198606,146.2731136687014,147.6764373779297,6701500,JNJ
2024-02-13,147.47992064538298,148.2377129324096,145.71173388387328,146.3853302001953,8621000,JNJ
2024-02-14,146.27309330355936,146.3760042655887,144.86040516339827,145.70240783691406,9098800,JNJ
2024-02-15,145.92691515267467,148.26578743036686,145.84271917676017,147.74188232421875,7462500,JNJ
2024-02-16,147.61934007652707,148.24147959606134,146.74266605215664,147.57220458984375,8541000,JNJ
2024-02-20,147.58164747469402,149.51408764092065,147.46853379712883,148.80709838867188,9501700,JNJ
2024-02-21,148.9579384634993,149.58951385472844,148.11897839052511,149.580078125,7472500,JNJ
2024-02-22,149.86286557785465,151.5219429083988,148.7222642968388,151.24856567382812,8065000,JNJ
2024-02-23,151.6538997783806,152.94532876826761,150.97518900233135,152.558837890625,6726000,JNJ
2024-02-26,152.52113398020288,152.71908289398888,151.36167576254726,151.5690460205078,5465400,JNJ
2024-02-27,151.14485682780054,151.80471051957065,150.48500313603043,151.74815368652344,5078600,JNJ
2024-02-28,151.76701506072203,152.34203351922065,151.0977256219848,152.2854766845703,6071100,JNJ
2024-02-29,152.70965337266693,152.8887595885133,151.71044436187233,152.12521362304688,9849100,JNJ
2024-03-01,152.54943682047337,153.24700476182508,151.85186887912164,152.8227996826172,5670100,JNJ
2024-03-04,152.06868935011204,152.34205221237573,149.19359670483033,150.67355346679688,8532900,JNJ
2024-03-05,151.40881507260147,151.9932693075231,150.07025046855944,150.7960968017578,8298200,JNJ
2024-03-06,150.31533752616204,151.70102313208528,150.08909580288264,150.20220947265625,5773700,JNJ
2024-03-07,150.82435689681535,151.16371227518246,149.16529414909374,149.7591552734375,5188700,JNJ
2024-03-08,149.75915462953353,151.19199004133748,149.34438534845359,150.37188720703125,5284000,JNJ
2024-03-11,150.34360479973506,152.06866005457778,149.76858638145416,151.9838104248047,4620800,JNJ
2024-03-12,152.3137768416587,153.7560338660242,151.88958613750427,153.40725708007812,8018700,JNJ
2024-03-13,153.2092681541315,153.35066023731957,150.64525289828845,151.8612823486328,6260000,JNJ
2024-03-14,151.7104504493581,152.27603315060168,149.58948295629912,150.0796661376953,6988300,JNJ
2024-03-15,148.99560521027234,150.06080680464032,148.09066714842635,149.1087188720703,13165500,JNJ
2024-03-18,149.4763540262742,149.58946767822397,147.52505722776138,147.7701416015625,6602300,JNJ
2024-03-19,147.6853209488283,147.86442717125823,146.73324738884924,147.251708984375,7840600,JNJ
2024-03-20,146.77095781276742,147.46852568140716,146.30906739897358,146.8275146484375,5982300,JNJ
2024-03-21,146.66728739423698,147.9492952679411,146.20539691144927,146.818115234375,5915800,JNJ
2024-03-22,146.76153776046286,147.39311307056096,146.2147977046169,146.32791137695312,7248600,JNJ
2024-03-25,146.48816722034266,147.03490730111923,146.01684105247318,146.31849670410156,7498100,JNJ
2024-03-26,146.68611676842403,147.27055655891888,145.88485660477699,146.83694458007812,6864100,JNJ
2024-03-27,147.0443258930305,149.1464363292962,146.5258642920507,148.90135192871094,8461600,JNJ
2024-03-28,149.12757014725085,150.01366548684342,149.0427349041998,149.11814880371094,6181500,JNJ
2024-04-01,148.6751326124497,149.08046622644517,147.7796157397121,148.731689453125,4364700,JNJ
2024-04-02,147.59105893740778,148.77879550775964,147.00660480403684,148.6845245361328,6102300,JNJ
2024-04-03,148.74107406982603,148.98617283054134,145.4040918403855,145.41351318359375,8098200,JNJ
2024-04-04,146.4033213960526,146.58242762831392,143.66963557319747,143.7544708251953,6947400,JNJ
2024-04-05,143.31141671813558,144.2352118718488,142.91550450940133,143.65077209472656,6783000,JNJ
2024-04-08,143.2737064557583,144.2634797131762,142.86835854889185,142.89663696289062,5935400,JNJ
2024-04-09,142.85896502855562,143.78276029447073,142.28394652570643,143.5565185546875,6135300,JNJ
2024-04-10,142.8401093556483,143.11348659186837,141.17161066974435,141.5863800048828,6809500,JNJ
2024-04-11,142.15195757396458,142.2179357497877,139.8801622729281,140.25721740722656,8374400,JNJ
2024-04-12,139.5691150895979,140.52120323997318,138.7112979347743,139.06008911132812,7100200,JNJ
2024-04-15,139.861305178029,140.9170854446071,138.91865295870687,139.12603759765625,8502300,JNJ
2024-04-16,136.69399010742436,137.86288401154576,135.16689814885964,136.16610717773438,12774900,JNJ
2024-04-17,136.68457943260324,137.07107031619805,135.30830078671556,136.4677734375,9378100,JNJ
2024-04-18,136.66571621323237,137.43869794565742,134.92181821879717,137.38214111328125,9887700,JNJ
2024-04-19,137.76861154193352,139.63507323072022,136.25094094369248,139.4276885986328,9750800,JNJ
2024-04-22,139.9932950907267,141.65237242959466,138.85269380398827,140.5683135986328,10118700,JNJ
2024-04-23,141.26587657432253,141.85975213587426,139.70107027851722,140.9830780029297,10110400,JNJ
2024-04-24,139.6444969530207,140.44575708007275,138.43790328235892,140.0121307373047,9756300,JNJ
2024-04-25,140.80395920263672,141.0019225000743,137.9383027479979,138.40020751953125,7642700,JNJ
2024-04-26,138.28708401534396,138.7395530738445,137.58009481855413,137.7592010498047,6183000,JNJ
2024-04-29,137.75919652263332,138.77726265860187,137.61780444141473,138.40020751953125,6149600,JNJ
2024-04-30,138.45676207362777,138.45676207362777,136.2415236127792,136.29808044433594,8817700,JNJ
2024-05-01,140.21011792443156,143.141767354433,139.154337494872,142.5101776123047,14470900,JNJ
2024-05-02,143.32083630400368,143.59421350098427,140.5871506365856,141.32241821289062,8459800,JNJ
2024-05-03,141.29414131431378,141.29414131431378,139.3428586897004,140.70970153808594,6532700,JNJ
2024-05-06,141.27529553310512,141.4449804265679,139.42770508084675,140.0592803955078,5042800,JNJ
2024-05-07,140.8133923165961,141.14331196122563,139.93671827811997,140.1912384033203,7333500,JNJ
2024-05-08,140.56829969444763,141.14331814547634,140.17238747330634,140.40805053710938,7735100,JNJ
2024-05-09,140.43633717678227,141.49211754537484,140.35150192094164,141.25645446777344,6546200,JNJ
2024-05-10,141.39783879121813,141.48267404239718,140.63429276314267,141.31300354003906,5710600,JNJ
2024-05-13,141.43552974585353,143.28313438652143,141.12446717756615,142.54786682128906,5628500,JNJ
2024-05-14,143.14176295852832,143.48111837479837,142.05770414201388,142.69871520996094,8254200,JNJ
2024-05-15,143.11347283817227,144.1786601097006,142.62328963614115,143.9147186279297,5548000,JNJ
2024-05-16,144.22579457365492,145.52665928436835,143.59421929078542,145.43238830566406,7591000,JNJ
2024-05-17,145.97912842069556,145.97912842069556,144.89508408364105,145.77174377441406,6521800,JNJ
2024-05-20,145.48666509768884,145.76223762818017,143.73815340422095,143.74766540527344,7742300,JNJ
2024-05-21,144.23230255688293,145.00202066125127,143.29152792932052,143.7191619873047,5492400,JNJ
2024-05-22,143.33904810524348,146.41793510153835,142.84491702559305,145.8667755126953,6609800,JNJ
2024-05-23,145.15405467926524,145.23957568320048,141.9516425319062,142.25572204589844,8000400,JNJ
2024-05-24,142.09419340705284,142.36026844901062,139.461935491968,139.6614990234375,9520600,JNJ
2024-05-28,139.49044706008516,139.49044706008516,136.9817290824054,137.20030212402344,10499800,JNJ
2024-05-29,136.66812968528495,138.18855622628357,136.56359918246625,137.25729370117188,8263800,JNJ
2024-05-30,137.4283436800939,138.36911826005073,136.8581891316362,138.05552673339844,8490300,JNJ
2024-05-31,138.33111322378193,140.1461218710464,137.97000519448267,139.37640380859375,14621200,JNJ
2024-06-03,139.9275651914542,141.4955083392696,139.47143864845359,140.39320373535156,7329200,JNJ
2024-06-04,140.1461165581439,140.93484409223848,138.9202720051539,140.45021057128906,8876400,JNJ
2024-06-05,140.61177172413738,140.6307812272095,138.59719939856421,138.7112274169922,5891300,JNJ
2024-06-06,138.26460628895137,139.6900146012086,137.46638111408808,139.13885498046875,5016300,JNJ
2024-06-07,139.38591940710893,140.92537023189638,139.06283033894482,139.7660369873047,5111600,JNJ
2024-06-10,139.2433685422041,140.2221476373959,138.3596224562548,139.81353759765625,5749900,JNJ
2024-06-11,139.50944582667958,139.84204686441157,138.20757767898886,139.46192932128906,5661200,JNJ
2024-06-12,139.74700496782654,139.8895544749341,137.58038585979827,138.17906188964844,6180500,JNJ
2024-06-13,137.85597800176626,138.73972407870536,136.72515190331634,138.21707153320312,6840400,JNJ
2024-06-14,137.92250921727728,138.71123689865664,137.29532607304745,138.3026123046875,4075300,JNJ
2024-06-17,137.8084688417842,139.1483415298389,137.54239380443985,138.6922149658203,6666600,JNJ
2024-06-18,138.7017315608699,139.1103416317523,138.03652944547594,138.40713500976562,6156600,JNJ
2024-06-20,138.0460355667466,140.71629791621663,137.79895553441006,140.43121337890625,8749700,JNJ
2024-06-21,140.5357317721205,141.66655782258937,140.04158625006676,141.35296630859375,15172300,JNJ
2024-06-24,141.59054657000584,142.27474365974027,140.80181896656197,141.70457458496094,6914700,JNJ
2024-06-25,141.76159198566108,141.78060148860925,139.63299165553863,139.8705596923828,5912500,JNJ
2024-06-26,138.92978807060476,139.87056273698667,138.53067550001919,139.5189666748047,5267800,JNJ
2024-06-27,139.4999547688829,140.03210485383192,137.6374149715589,138.5496826171875,5739200,JNJ
2024-06-28,138.77772690063284,139.75652047398808,138.40712137285797,138.8917694091797,10495700,JNJ
2024-07-01,138.80624090669983,141.30544645903495,138.37860689774487,139.1578369140625,5144400,JNJ
2024-07-02,139.1483372947093,139.83253436991393,138.4926617226397,138.7682342529297,5492000,JNJ
2024-07-03,138.92977820461493,139.35739774987505,137.54238905777078,138.4451446533203,3246200,JNJ
2024-07-05,138.52116151856174,139.26237256146817,137.31431194870095,139.1958465576172,4888500,JNJ
2024-07-08,139.11982350461608,139.89905355225164,138.02701643781103,138.24557495117188,5260200,JNJ
2024-07-09,138.4261230278106,139.8135265531461,137.96048451930753,139.7375030517578,5890400,JNJ
2024-07-10,139.93707193598866,142.0371797726971,139.3859123476217,141.99916076660156,6093200,JNJ
2024-07-11,142.14169404065143,143.0919660843782,141.24843599954815,142.25572204589844,6350400,JNJ
2024-07-12,142.5408163431521,143.37706043903248,141.8186147603474,142.42678833007812,5336400,JNJ
2024-07-15,142.61685923320152,142.77840377367713,141.46702344510575,141.81863403320312,6711400,JNJ
2024-07-16,142.2462282436541,143.56710583877515,141.74258520738496,143.50057983398438,6469600,JNJ
2024-07-17,144.0137420370787,149.65836072444452,143.8902020220348,148.79360961914062,13801400,JNJ
2024-07-18,147.86232541675312,149.2592263829011,146.9310484393214,147.69126892089844,10166200,JNJ
2024-07-19,148.7270767420575,148.7270767420575,146.4559270703847,146.99758911132812,7398000,JNJ
2024-07-22,147.07360455832458,147.39669356504305,145.9522760350071,146.56996154785156,6840600,JNJ
2024-07-23,145.68622472496267,145.86677875808385,144.032760421648,144.7739715576172,6261900,JNJ
2024-07-24,145.16356765262933,148.6320696819387,144.75495759027353,148.50852966308594,7168200,JNJ
2024-07-25,148.69856808093382,152.5946893319684,148.24244155154472,151.70143127441406,10019600,JNJ
2024-07-26,151.80597650313655,153.54497628383004,151.53990146018913,152.65171813964844,8356900,JNJ
2024-07-29,152.01502750874198,152.04353451146278,150.1905068346046,150.67514038085938,5625000,JNJ
2024-07-30,150.65613621746252,153.51646459181447,150.485094195077,153.30740356445312,6545700,JNJ
2024-07-31,151.90103288031554,152.37616903008194,149.8959577483012,150.00048828125,8293200,JNJ
2024-08-01,150.59911266527897,152.81324831473074,149.86741361589006,152.76573181152344,7213400,JNJ
2024-08-02,153.84906147002633,156.65237602522677,152.993822300645,155.97767639160156,11280400,JNJ
2024-08-05,155.64508465890188,157.536131646822,152.5947188718591,153.2313995361328,12032200,JNJ
2024-08-06,153.04134148558757,153.44995157365688,151.0362665534261,151.0647735595703,7607100,JNJ
2024-08-07,150.96973823354892,152.63271456658043,150.3235601041438,150.9982452392578,5993000,JNJ
2024-08-08,150.68465086032305,152.70872053306917,150.17149581652734,152.25259399414062,5094800,JNJ
2024-08-09,152.15756962096168,152.92728773033545,151.41635851563865,152.63270568847656,4579200,JNJ
2024-08-12,152.96529747903207,153.65899203562424,150.81768780382836,151.92950439453125,7605400,JNJ
2024-08-13,152.30011174818932,152.39513025707862,148.6605679076977,150.5135955810547,9711400,JNJ
2024-08-14,149.98143482128285,151.61590385747755,149.572810312234,150.59910583496094,5141200,JNJ
2024-08-15,150.49460533866602,151.56841757654476,149.9909622270953,151.17880249023438,7237800,JNJ
2024-08-16,151.2263144008874,151.9865350461733,150.31404672654375,151.46388244628906,5012800,JNJ
2024-08-19,151.53039579025037,152.31910887504083,151.21680425653776,151.6919403076172,4408400,JNJ
2024-08-20,152.04355538160976,152.92730158726374,151.72996380863478,152.1956024169922,7275100,JNJ
2024-08-21,152.4236409288165,153.44993654953444,152.33811991875712,153.4024200439453,5019400,JNJ
2024-08-22,153.94408657329998,154.409725141578,152.794250904696,154.2766876220703,6552100,JNJ
2024-08-23,154.41922194588088,156.05369117816977,153.65900133783921,155.96817016601562,7093400,JNJ
2024-08-26,156.00616385822997,157.46959096477664,155.40748781464256,156.42428588867188,6870600,JNJ
2024-08-27,156.54876004895922,157.06579539684213,155.26573396231137,156.0221405029297,4388700,JNJ
2024-08-28,156.07001300701938,157.9849824917681,155.79234886015624,156.95089721679688,5187000,JNJ
2024-08-29,157.63071383496106,157.71688395318662,156.4147041520119,157.24771118164062,7390100,JNJ
2024-08-30,157.14241222827346,158.92333467131888,156.84559425610914,158.80844116210938,7971000,JNJ
2024-09-03,158.21480765392596,160.67553621109667,157.76478858917997,160.0531768798828,6956500,JNJ
2024-09-04,160.67550936929004,161.67130166495102,158.9807573151749,160.24464416503906,6939100,JNJ
2024-09-05,160.09146672248764,160.2542373965506,157.82223226458788,157.97543334960938,4600400,JNJ
2024-09-06,158.1573335802651,158.8850313848179,157.14240202134536,157.391357421875,6016900,JNJ
2024-09-09,157.8317980298686,160.29254108945904,157.4775333131413,159.52655029296875,7538200,JNJ
2024-09-10,160.37870270395436,161.297894532952,159.66058910975752,160.26380920410156,6559600,JNJ
2024-09-11,159.69889965383288,159.69889965383288,157.11369335213786,157.8126678466797,5920200,JNJ
2024-09-12,157.21900889530122,158.08075402330743,155.7923658242544,157.6403045654297,4540900,JNJ
2024-09-13,157.73604270375895,158.70309703997754,156.85515848847854,158.48287963867188,3693400,JNJ
2024-09-16,159.28720640589665,160.139367478029,158.7318633484306,159.8904266357422,5187800,JNJ
2024-09-17,159.1722507227176,160.5893238893934,158.87541821390406,159.9669647216797,5066500,JNJ
2024-09-18,159.54572390651083,161.1925992100923,158.6935628746626,159.08612060546875,4722800,JNJ
2024-09-19,159.1627104487477,159.296757750019,157.4296651215759,157.8126678466797,4956100,JNJ
2024-09-20,157.31477239960117,157.8605311967839,156.59665872274059,157.18072509765625,11839000,JNJ
2024-09-23,157.4105105858644,157.50626491920096,155.80194297824175,156.2806854248047,4671600,JNJ
2024-09-24,155.86892932867906,156.5391803129345,154.68165764011567,155.85935974121094,6041600,JNJ
2024-09-25,156.07003736407944,156.37643954228557,153.54227783411883,153.77207946777344,5420000,JNJ
2024-09-26,153.427371212922,154.6720897778661,153.2167233859188,154.52847290039062,6122000,JNJ
2024-09-27,155.1125368824988,156.4817331273372,154.48059341100793,154.5380401611328,7553800,JNJ
2024-09-30,154.70083992560225,155.28489167995832,153.84866435205612,155.1699981689453,6010000,JNJ
2024-10-01,155.52424734351888,155.83064948898271,154.3273913566603,155.10296630859375,4408000,JNJ
2024-10-02,154.6433666468811,155.22743296630276,153.8199291245827,154.3178253173828,4684400,JNJ
2024-10-03,153.94440989137405,154.57635338596907,153.40822072386032,153.6763153076172,4791200,JNJ
2024-10-04,152.84329091341598,153.67629794669372,152.02942305534512,153.4752197265625,5331100,JNJ
2024-10-07,153.4369488619658,154.02101521114693,152.45074062466867,152.74755859375,4266000,JNJ
2024-10-08,152.70926278944995,153.43694601012626,152.19221279286847,152.9007568359375,4766300,JNJ
2024-10-09,153.12097120003025,154.3657043924223,152.72839891603465,153.81993103027344,6047200,JNJ
2024-10-10,154.4997505060455,154.52847388172302,153.197570571783,153.68588256835938,4793900,JNJ
2024-10-11,155.28489571357613,155.74449898968643,154.34656459245642,154.59552001953125,5253500,JNJ
2024-10-14,154.53802933012832,155.24657328881267,154.05928696589612,154.7295379638672,5964000,JNJ
2024-10-15,153.19756699965725,159.6605893574553,152.2400822059094,157.12326049804688,10548000,JNJ
2024-10-16,157.0275139338158,157.97542918608636,155.72533396557202,157.2956085205078,5982100,JNJ
2024-10-17,157.27646080968216,157.98500487906432,156.6732552713482,157.4775390625,4798000,JNJ
2024-10-18,157.8796818595988,158.2626699689838,156.960489942991,158.0998992919922,5908000,JNJ
2024-10-21,158.0807362698682,158.22435313671053,155.40934566613956,155.90724182128906,6082700,JNJ
2024-10-22,155.41892198547586,156.76896429553042,155.0167655585881,156.50086975097656,5680300,JNJ
2024-10-23,155.89769358501152,158.94248845954036,155.51469087088046,158.80844116210938,7441600,JNJ
2024-10-24,157.98497372387456,158.47328565576422,156.3955456333298,156.71151733398438,5386300,JNJ
2024-10-25,156.72110691667785,156.95090853103437,153.78163614291879,154.0401611328125,6400400,JNJ
2024-10-28,154.27951897268434,155.0838026381806,154.15504128276555,154.7295379638672,4842500,JNJ
2024-10-29,154.59551667475733,155.2753227646145,153.25502906352833,153.28375244140625,5216900,JNJ
2024-10-30,152.6709456158437,154.42314452066108,152.2688037604844,153.78163146972656,5820500,JNJ
2024-10-31,153.18800003940865,154.0305767375221,152.68053425882096,153.0635223388672,8613900,JNJ
2024-11-01,153.75291725765334,154.2125058897296,153.08268079211308,153.32205200195312,5256400,JNJ
2024-11-04,152.91030967197577,153.465652572988,151.34961948453443,151.51239013671875,4644000,JNJ
2024-11-05,150.96662430654885,151.84750855559324,149.70275198750548,151.6177215576172,6547100,JNJ
2024-11-06,153.1018027302796,154.01142491329492,150.66022835288177,151.16769409179688,8926600,JNJ
2024-11-07,151.73263360352172,152.000728207303,149.85595676699248,150.0666046142578,7522800,JNJ
2024-11-08,150.32513449463838,150.40173504249262,148.8027369574448,148.8601837158203,8926100,JNJ
2024-11-11,149.0037835023882,150.88046018417558,148.32397745958923,148.4484405517578,7146800,JNJ
2024-11-12,147.96012790111791,148.44843989915321,145.8919571858056,146.15048217773438,7181400,JNJ
2024-11-13,146.01646194657891,146.98351653329146,144.98237639729084,146.72500610351562,7161900,JNJ
2024-11-14,146.66749533421518,147.0600675569252,144.35038417659914,145.41319274902344,7716400,JNJ
2024-11-15,144.4844583505341,147.8643787099387,144.4844583505341,147.45266723632812,11328500,JNJ
2024-11-18,146.102601692419,148.72611529626187,145.85366090477817,148.18992614746094,7510600,JNJ
2024-11-19,147.40480123791278,147.44310881653527,145.58558572497785,146.4951934814453,8233700,JNJ
2024-11-20,146.52390910042698,146.7345569415132,145.35577638533414,146.6005096435547,9061300,JNJ
2024-11-21,147.0888094097328,149.4250746451893,146.31324906404043,148.88888549804688,10141100,JNJ
2024-11-22,149.27189693004263,150.44002973056246,147.5580053086581,148.57293701171875,8266000,JNJ
2024-11-25,148.57293130284674,150.36342340416172,148.54420792443443,149.15699768066406,12256200,JNJ
2024-11-26,149.75540196105325,149.84226350679788,147.82506684341334,149.1376953125,5683500,JNJ
2024-11-27,149.24386162613231,151.17419670876055,149.21490777807594,149.98703002929688,4140400,JNJ
2024-11-29,149.49479557302908,150.24762505535648,148.79987378514417,149.61061096191406,5687800,JNJ
2024-12-02,149.35966714746309,149.6009590168451,148.56822274679237,149.40792846679688,6946500,JNJ
2024-12-03,149.40792848224658,149.40792848224658,147.00465616112996,147.05291748046875,8674400,JNJ
2024-12-04,146.02017414199125,146.28077347197643,144.5338227783996,145.22874450683594,10333100,JNJ
2024-12-05,144.77513544062865,145.14190382981053,143.7617065470866,144.31185913085938,7898100,JNJ
2024-12-06,144.18637654653605,144.8233906501293,143.21156264421623,144.10916137695312,8389600,JNJ
2024-12-09,144.08985429782848,145.63412823914575,143.26947073242502,144.38906860351562,8410300,JNJ
2024-12-10,144.70756625576044,145.57622590246075,143.1633069848849,144.03195190429688,9398700,JNJ
2024-12-11,143.3273622637783,143.3273622637783,141.27155094079862,141.5321502685547,13446700,JNJ
2024-12-12,142.07267083272527,142.6228234456662,140.9241190076359,141.1461181640625,6176300,JNJ
2024-12-13,140.5863105473898,141.81206274688867,139.98789664468356,141.5128631591797,8324900,JNJ
2024-12-16,141.61902794834907,142.12091918898983,138.5208484156869,138.83935546875,8732400,JNJ
2024-12-17,138.8297080502698,141.55148782980515,138.7042462732106,141.31019592285156,10343000,JNJ
2024-12-18,140.60559123988054,141.62868113831064,139.63077738813394,139.70799255371094,9336100,JNJ
2024-12-19,139.11924205083838,140.16162471204322,138.37605895652538,138.57875061035156,9516700,JNJ
2024-12-20,138.06720811453977,140.4029116007374,137.7776549310487,139.437744140625,17702800,JNJ
2024-12-23,139.59219323392605,140.26780760136907,138.45328781970323,140.20989990234375,8720800,JNJ
2024-12-24,139.94928558321214,140.76968383789062,139.30262513434346,140.76968383789062,3164100,JNJ
2024-12-26,140.44151018897102,141.27155478412448,140.03614162770347,140.5090789794922,4656300,JNJ
2024-12-27,139.82379029372626,141.49354042495608,139.64040613953344,139.99752807617188,5588300,JNJ
2024-12-30,139.79485819424823,139.8334731418133,137.97069219491507,138.34710693359375,6268700,JNJ
2024-12-31,138.75247488981566,139.6307808518437,138.3181524590472,139.58251953125,5811400,JNJ
2025-01-02,140.1712930905864,140.6924918666552,138.7718029494876,139.00344848632812,6051300,JNJ
2025-01-03,139.05169559339697,139.53427936699416,138.61735841532905,139.16751098632812,5878800,JNJ
2025-01-06,138.51119137128023,139.7755732470575,137.9513924186499,138.65597534179688,7910500,JNJ
2025-01-07,138.75246410833705,142.05333494389205,138.58838741289765,141.1364288330078,8422000,JNJ
2025-01-08,140.4222327932336,140.51874071230193,136.51330125240716,137.31439208984375,11175600,JNJ
2025-01-10,136.08863427498304,138.66563005036227,135.77977356781338,137.11170959472656,8821500,JNJ
2025-01-13,137.99963932323428,140.01685050760713,137.35297889223335,139.437744140625,10376400,JNJ
2025-01-14,139.4667006840154,139.76590024607194,137.8838266079042,139.70799255371094,8681700,JNJ
2025-01-15,140.2484872782462,140.9627165311371,139.2350584562741,139.9203338623047,7434600,JNJ
2025-01-16,139.29299277424568,142.91237121378492,139.04203977697296,142.62281799316406,8964000,JNJ
2025-01-17,142.3043068272754,143.2115666863725,141.5032159884405,141.90858459472656,10773100,JNJ
2025-01-21,142.4201176828794,143.67483841127958,141.9278875467793,142.98956298828125,11111700,JNJ
2025-01-22,138.984132939583,140.40293047485767,137.15996678384252,140.20989990234375,16834700,JNJ
2025-01-23,140.37395230682986,142.75791701896247,139.76589211782772,141.5321502685547,10506400,JNJ
2025-01-24,141.69624099896276,142.48768543303163,141.2812260352102,141.70590209960938,9887300,JNJ
2025-01-27,143.27912203998366,148.10495986367656,142.84479958130896,147.56446838378906,15152300,JNJ
2025-01-28,147.34247217275632,147.64167173750818,145.0646763132196,145.1418914794922,10320600,JNJ
2025-01-29,145.25771777770643,146.58965372321762,144.77513399771405,145.88507080078125,7156400,JNJ
2025-01-30,146.61861336868796,148.77093298890944,146.0877682442507,147.545166015625,8911000,JNJ
2025-01-31,147.30388021222504,147.84437173318787,146.76338869126218,146.85025024414062,8457800,JNJ
2025-02-03,146.705447790766,147.15907765619664,145.5279423605783,146.57997131347656,6687500,JNJ
2025-02-04,146.08775838820736,148.80952317315663,145.69203616511683,148.14356994628906,9645000,JNJ
2025-02-05,148.46206682902104,149.34035803117018,147.969821995434,149.3017578125,8947000,JNJ
2025-02-06,149.39825488672898,149.44651620203132,148.0373800498318,148.162841796875,7418100,JNJ
2025-02-07,148.18216018471236,149.1087274340039,147.4775920567086,147.78643798828125,6204900,JNJ
2025-02-10,148.2593714390873,148.99289339360163,146.98534334582476,148.867431640625,6936200,JNJ
2025-02-11,148.74196216485632,150.94254285931459,148.57788545917066,150.6916046142578,7554500,JNJ
2025-02-12,149.86157455343135,150.2379893212511,148.8964069716075,149.85191345214844,7746000,JNJ
2025-02-13,149.8518944615661,152.62193508491228,149.39826457741387,151.7725830078125,10704700,JNJ
2025-02-14,151.81119739989842,151.98493521702002,150.62404543750512,150.71090698242188,6411800,JNJ
2025-02-18,149.96177679957768,151.23626468246152,149.08617874352478,150.7887420654297,9670700,JNJ
2025-02-19,150.79846163495475,154.0090124968627,150.5552383097371,153.61012268066406,7974700,JNJ
2025-02-20,152.69561349734732,155.61429364643396,152.69561349734732,155.3516082763672,7224000,JNJ
2025-02-21,155.5461889335318,159.07778159453383,154.96244700278118,157.9005889892578,12546900,JNJ
2025-02-24,158.27028004687892,160.40091881814757,157.6573673427363,159.3015594482422,10201900,JNJ
2025-02-25,159.65181175594168,161.9186402982549,159.49614525019376,161.58786010742188,12303700,JNJ
2025-02-26,160.6052256616687,160.65387329507226,158.1535304208293,158.65943908691406,11396400,JNJ
2025-02-27,157.91030243616976,159.50584678654798,157.3460225647323,159.29180908203125,8364600,JNJ
2025-02-28,159.85608375934913,161.4419044698759,158.28972507001143,160.54684448242188,12037200,JNJ
2025-03-03,160.48850051821015,162.79425310739774,160.37174321642055,162.74560546875,9191500,JNJ
2025-03-04,163.5239198311518,165.38214973546795,160.83873946731583,160.93601989746094,11999700,JNJ
2025-03-05,160.05068422605132,161.9478381887641,159.09725287252516,160.64414978027344,8744800,JNJ
2025-03-06,160.5273966710021,161.37380910299356,159.0777802901347,161.33489990234375,8037900,JNJ
2025-03-07,160.65388903997257,163.89362578587057,160.2355371659095,162.17160034179688,9637600,JNJ
2025-03-10,162.9401676061837,165.294567637911,162.5218306080433,163.15420532226562,17559000,JNJ
2025-03-11,162.66776347857538,162.76505875064484,160.5760487356501,161.3640899658203,9890300,JNJ
2025-03-12,159.2918048957064,159.7588043361096,157.83246504608488,158.4356689453125,8010700,JNJ
2025-03-13,158.99996003688625,160.07987229654685,158.2508428130634,158.5718994140625,5286700,JNJ
2025-03-14,157.72546026726332,158.727539199118,156.73311976951868,158.39675903320312,6235800,JNJ
2025-03-17,158.0076120830635,159.0680622686795,157.34603688747066,158.4259490966797,6669800,JNJ
2025-03-18,159.00967308637917,160.39117970198387,158.55241207721468,159.79771423339844,7348800,JNJ
2025-03-19,159.52533078222118,159.9047586115519,157.813043755401,158.5718994140625,5936400,JNJ
2025-03-20,158.58159693865755,158.7761726161735,157.5405940539295,158.60105895996094,7485900,JNJ
2025-03-21,158.58162197668406,159.68099625372687,158.07571325912787,159.19454956054688,17047100,JNJ
2025-03-24,158.4259400015963,159.93392757223305,158.09515984537686,158.86373901367188,8046400,JNJ
2025-03-25,159.08750653402296,159.7393432224704,156.2077360158638,156.6552734375,7456200,JNJ
2025-03-26,156.8401486890274,158.08545103073016,156.28559233544456,157.33631896972656,7223500,JNJ
2025-03-27,157.94924372823283,159.6226215034605,156.9471647500084,158.70809936523438,6752500,JNJ
2025-03-28,159.1556273411305,160.06042592033606,158.49406695648568,159.2723846435547,5760300,JNJ
2025-03-31,159.91446542617436,162.11321376385112,159.7782609592967,161.34461975097656,12481400,JNJ
2025-04-01,156.3731393759347,157.42386594435982,148.97915904115746,149.0959014892578,23303100,JNJ
2025-04-02,149.83528506528043,151.56703387395896,149.29046721695548,151.14869689941406,10356900,JNJ
2025-04-03,154.4468204683537,156.29531190911774,153.211241747958,155.48782348632812,13249300,JNJ
2025-04-04,154.8457243140677,155.4878375507966,148.78458746142863,149.08619689941406,16601700,JNJ
2025-04-07,147.1792988166815,148.57054397010987,143.40446802169475,146.5371856689453,18083000,JNJ
2025-04-08,149.42668937844223,149.42668937844223,143.98821899414062,145.9340057373047,12018400,JNJ
2025-04-09,138.34542251739794,149.03752509158932,137.6644001851633,146.87770080566406,18773700,JNJ
2025-04-10,146.29396909214825,147.1014723585021,141.19601741107385,144.65951538085938,13830500,JNJ
2025-04-11,145.2821579701608,148.22029988673702,144.17306020425994,147.61709594726562,9943900,JNJ
2025-04-14,147.4808931450617,150.47740631813335,147.072279736712,150.17581176757812,10685300,JNJ
2025-04-15,151.47950699556426,152.0632490028624,147.97709948730335,149.4558868408203,10847700,JNJ
2025-04-16,151.15843785474706,151.41139963137073,148.1132917072422,149.73802185058594,7986900,JNJ
2025-04-17,149.9812331535937,155.11810853732888,149.9812331535937,153.20150756835938,10981100,JNJ
2025-04-21,153.67822968223672,153.9409001804085,151.27518208299085,152.66641235351562,6285400,JNJ
2025-04-22,153.2793470326259,154.41763044672643,152.02430632426632,153.4739227294922,7136300,JNJ
2025-04-23,152.24807928113609,152.8415447934777,150.14662617069615,151.1681671142578,9099400,JNJ
2025-04-24,151.57678926088408,151.67406969029523,149.2807603253007,150.73036193847656,8310400,JNJ
2025-04-25,150.1368998901962,150.70116493558953,148.31757934012802,150.3898468017578,8643600,JNJ
2025-04-28,151.2849051047744,151.58649964647577,149.65045151935777,151.13897705078125,5815200,JNJ
2025-04-29,151.23626989541486,152.76371959682837,150.10771003458157,151.68380737304688,5246700,JNJ
2025-04-30,153.9117200490407,153.9117200490407,150.8179264212635,152.0729522705078,9598200,JNJ
2025-05-01,150.79847295546213,150.88602979627174,149.20292841606295,150.2731170654297,7325800,JNJ
2025-05-02,151.83947450772436,152.47184925651504,150.8373806848308,151.8881072998047,5974500,JNJ
2025-05-05,152.42320737129288,152.53994982897063,150.53579179790142,150.79847717285156,5464100,JNJ
2025-05-06,150.6233555245234,151.67406727843394,149.5239812889191,150.2828369140625,8644200,JNJ
2025-05-07,150.5455131054373,153.65876866577935,150.31201337147158,153.03611755371094,7853100,JNJ
2025-05-08,151.59623349960626,152.77342602004353,150.58441620524871,151.44056701660156,7606100,JNJ
2025-05-09,151.2070808533016,151.8297319959907,149.64072198487162,150.03961181640625,6520400,JNJ
2025-05-12,147.8992476319424,151.148707779188,147.08200595545642,149.96177673339844,9023800,JNJ
2025-05-13,147.5879172387248,147.5879172387248,144.06604808573897,144.41629028320312,10549600,JNJ
2025-05-14,144.6400509154053,144.78599382334744,142.1591699321315,142.39266967773438,10216000,JNJ
2025-05-15,143.98820664200468,145.59347462933604,143.336369920384,145.5545654296875,7945800,JNJ
2025-05-16,145.6129445411787,147.39334113632552,145.17514550683833,147.2279510498047,8051200,JNJ
2025-05-19,147.77277962170123,148.52191170491523,146.9555527191998,148.3565216064453,12639900,JNJ
2025-05-20,148.20083168038465,149.86447083723303,147.99651756445562,149.49478149414062,7351500,JNJ
2025-05-21,149.03753994842893,150.2439182443103,148.8526878301439,149.02780151367188,7032200,JNJ
2025-05-22,148.51216054400712,149.16401213735736,147.26685827209232,148.47325134277344,7535300,JNJ
2025-05-23,148.85268274928774,149.31966740126413,148.0841035336355,148.7943115234375,6727300,JNJ
2025-05-27,149.6578031550245,151.1492679480594,149.07886375742697,150.3740997314453,6990700,JNJ
2025-05-28,150.40352805427477,150.75677285026757,149.0788563261916,149.56947326660156,8459300,JNJ
2025-05-29,148.90223155564834,151.14925040607753,148.71579473504596,150.69789123535156,6810600,JNJ
2025-05-30,151.0118885418378,152.7879344461785,150.34465668844726,152.2973175048828,15529700,JNJ
2025-06-02,151.58100078655963,152.62110627080844,149.4419181827181,152.48373413085938,6669300,JNJ
2025-06-03,151.8950141846294,152.7388759568056,151.18852456269389,151.5221405029297,8209800,JNJ
2025-06-04,152.02255175157072,152.02255175157072,150.2563428162781,150.3446502685547,6983900,JNJ
2025-06-05,150.79599634124082,151.19830577433518,149.77551982351054,150.77638244628906,5295400,JNJ
2025-06-06,151.1100272577506,153.1019309647165,151.1100272577506,152.12069702148438,5391500,JNJ
2025-06-09,151.9440663702561,153.06267235085258,151.5515638501274,152.31692504882812,5319000,JNJ
2025-06-10,152.513190491746,154.48548037607026,152.11089593856136,153.51405334472656,6791600,JNJ
2025-06-11,153.3668508220171,153.66122396588617,151.8263065201517,152.3463592529297,6016000,JNJ
2025-06-12,153.30797636857517,153.7397066695454,152.2580490016518,153.7200927734375,7075500,JNJ
2025-06-13,153.0430563433094,154.71115101983074,153.0430563433094,154.15185546875,6587500,JNJ
2025-06-16,153.48459122854055,153.56309173027117,151.5515594191886,152.30711364746094,7024000,JNJ
2025-06-17,152.06180829378278,152.36598838641433,149.2456719843281,149.52041625976562,6407100,JNJ
2025-06-18,149.70684876716982,149.7853342957975,147.8817532915629,147.9013671875,8325200,JNJ
2025-06-20,148.42141878604235,148.55879091876358,146.24307855829224,146.97900390625,22605500,JNJ
2025-06-23,146.92996485325,148.58823751409696,146.92996485325,148.48031616210938,7397900,JNJ
2025-06-24,148.65693061226455,149.85403712588132,148.14668480995888,149.333984375,9544200,JNJ
2025-06-25,148.5391976946219,150.19748543838807,147.90138665416632,149.42230224609375,7153700,JNJ
2025-06-26,149.83440236894492,150.34464815120182,148.6863605881969,149.1573486328125,7156900,JNJ
2025-06-27,149.15734795144718,150.45258378377332,148.17611412905705,149.5498504638672,10010800,JNJ
2025-06-30,149.3045442573842,150.0993412699026,148.67655520049212,149.8834686279297,9039300,JNJ
2025-07-01,150.1287868430718,154.78964787251357,149.94235000630354,152.99398803710938,10896700,JNJ
2025-07-02,153.07249239316593,153.3668655653334,152.15995202913243,152.6407470703125,5544000,JNJ
2025-07-03,152.5131732081926,153.3472279865642,151.97350655771282,153.08229064941406,3482500,JNJ
2025-07-07,153.09211130943166,153.41592028051664,151.98331225442314,152.35618591308594,6270900,JNJ
2025-07-08,151.5809954009529,153.8182072991739,151.31607305131817,152.8664093017578,6438200,JNJ
2025-07-09,152.86641901439813,153.74953848661053,152.15994439804524,153.34722900390625,6147400,JNJ
2025-07-10,153.17061563995466,156.25168944402995,152.89587134958674,154.73077392578125,6732900,JNJ
2025-07-11,154.142033765266,154.23034122517612,152.2678733741525,153.95559692382812,7872000,JNJ
2025-07-14,153.92615542940482,154.5149017519845,152.60149866226192,153.87710571289062,10185600,JNJ
2025-07-15,153.4257273325383,154.24015323506973,151.8950049026972,152.258056640625,6873200,JNJ
2025-07-16,157.29179013965734,163.0025633969383,156.80117321156885,161.68771362304688,22134800,JNJ
2025-07-17,160.1177373117364,161.60921700124823,159.25426167881125,159.92149353027344,11295700,JNJ
2025-07-18,160.85365505316872,162.0017118134992,160.2943595540406,160.6279754638672,9792600,JNJ
2025-07-21,160.6966798409886,161.8250928359287,159.7252528908425,161.27560424804688,8254000,JNJ
2025-07-22,161.90358694684275,164.90616016372098,161.61903571523425,164.77859497070312,9288000,JNJ
2025-07-23,165.43603407308774,165.946264897935,163.4637444406128,165.92665100097656,10617600,JNJ
2025-07-24,166.3191343471783,166.79994431442555,165.7107741631659,166.3780059814453,6636900,JNJ
2025-07-25,166.5644487084836,166.6920139022101,164.29780087422668,165.14166259765625,6254900,JNJ
2025-07-28,164.70991567403397,164.78841617921015,161.95265093414764,163.10069274902344,8014600,JNJ
2025-07-29,163.54223638019647,165.61264030634692,163.24786324439296,164.95521545410156,7663400,JNJ
2025-07-30,164.5529153379632,165.44584174400563,163.65018198339874,164.1211700439453,6189200,JNJ
2025-07-31,162.81613907808057,163.93476013361044,161.1480443889056,161.6484832763672,11036200,JNJ
2025-08-01,162.37457646550328,164.47441634646825,161.69752270023744,164.1898651123047,8927800,JNJ
2025-08-04,163.89548837392292,167.97742477350116,163.51280777223997,167.83023071289062,12679100,JNJ
2025-08-05,167.3396146645784,168.34047738669344,166.4663171345052,167.53587341308594,7934400,JNJ
2025-08-06,166.72144007168663,168.94883003784128,166.49574551547207,167.388671875,8957200,JNJ
2025-08-07,167.9578056105761,168.39935787304452,166.73126323014094,168.31105041503906,9315900,JNJ
2025-08-08,167.81062263672857,170.69545264445026,167.19244050009084,170.0772705078125,7686800,JNJ
2025-08-11,170.1459587804455,171.32345148344675,169.80253588577153,170.55809020996094,7256800,JNJ
2025-08-12,170.73470425167199,171.48043665027848,168.58579954394824,169.53759765625,7916700,JNJ
2025-08-13,169.75343941699913,171.26453281006349,169.4590662963547,171.14678955078125,5878700,JNJ
2025-08-14,171.03886790121015,172.4224112061355,169.4787096922212,171.44117736816406,8241700,JNJ
2025-08-15,172.27525225126996,173.94334697626468,171.67669894126365,173.32516479492188,9477600,JNJ
2025-08-18,173.1877828395113,174.23771029618828,172.79529526964464,172.94247436523438,9284000,JNJ
2025-08-19,172.73639777380563,174.83623758239492,172.6775261392796,174.46337890625,9274200,JNJ
2025-08-20,175.15024028924466,177.22064428876024,174.65962336966695,175.48385620117188,9030000,JNJ
2025-08-21,175.19931537251938,176.70060203772263,174.81663475143702,175.57217407226562,8859600,JNJ
2025-08-22,176.66134044605786,177.76033256843067,174.13957717042288,175.9254150390625,9524000,JNJ
2025-08-25,176.1511056012645,176.8772090706108,174.94417718110606,175.0619354248047,6229100,JNJ
2025-08-26,174.7060999231484,175.1113623885591,173.7374366614811,174.44911193847656,9145000,JNJ
2025-08-27,174.92354707776784,175.63522231400546,174.12291620758523,174.74562072753906,5951100,JNJ
2025-08-28,174.3305021472525,174.4491247570279,172.61063267008686,173.421142578125,6424700,JNJ
2025-08-29,173.93511071425883,175.3584611850056,173.4211196926361,175.12123107910156,6942300,JNJ
2025-09-02,175.41777231103694,177.12776270121626,174.84447750943602,176.00094604492188,9049000,JNJ
2025-09-03,175.6154493916547,176.22827497981044,174.48863278118253,175.94163513183594,7111700,JNJ
2025-09-04,175.9416497264455,176.83123630448588,175.49685643742527,176.69285583496094,7854800,JNJ
2025-09-05,175.94163314117105,177.4341662848054,174.51828268460764,176.3666534423828,9733800,JNJ
2025-09-08,175.30904455833596,177.37487259095406,174.65667304834938,176.0701446533203,8382500,JNJ
2025-09-09,175.94164806814993,176.03060370864756,174.4095689027739,174.91368103027344,6005700,JNJ
2025-09-10,174.26131428978755,174.5677271148135,172.31409366624945,173.7572021484375,6891600,JNJ
2025-09-11,173.7176526494387,176.78181073479666,173.5990451382739,176.43585205078125,5792500,JNJ
2025-09-12,175.65500242690814,176.73239425710358,174.67644516657117,176.00094604492188,7220200,JNJ
2025-09-15,175.7044094043786,176.92019676144542,174.88400556753885,175.34857177734375,4768100,JNJ
2025-09-16,175.51662893199313,175.5660386777145,173.61881809435098,174.41946411132812,7959300,JNJ
2025-09-17,174.6665700727086,176.4457431926535,174.5479474709965,175.15089416503906,6714900,JNJ
2025-09-18,174.55784393897036,174.97298534494763,171.8594021766082,172.14605712890625,8200900,JNJ
2025-09-19,172.66993349357537,175.111372273971,171.32565957029007,174.152587890625,25621000,JNJ
2025-09-22,174.05373018239203,174.59737311930513,172.10650962439226,172.1954803466797,7193900,JNJ
2025-09-23,172.8675959300631,174.92354491124786,172.80829217483426,174.53805541992188,8350400,JNJ
2025-09-24,174.10316185129446,174.9037928069642,173.70779338109767,174.6468048095703,6676800,JNJ
2025-09-25,175.15088893974706,176.3370093451046,173.87581289751407,175.6747589111328,8475000,JNJ
2025-09-26,176.534716894135,177.82956594360434,175.26951972500925,177.6318817138672,8634400,JNJ
2025-09-29,177.75048125277442,179.76688443728418,177.72082937376246,179.519775390625,8597100,JNJ
2025-09-30,179.59884936490977,183.83924898722276,178.97614483278656,183.2758331298828,11569000,JNJ
2025-10-01,183.8491347434297,184.40265660690224,181.78330668784835,183.8985595703125,13063800,JNJ
2025-10-02,182.06006679331983,184.432307649533,181.96121714000282,183.82936096191406,7728100,JNJ
2025-10-03,184.89687190994138,187.58541956236877,184.74861251387858,186.45860290527344,8675100,JNJ
2025-10-06,185.8260079631804,187.72380368143425,185.20328832291253,185.98416137695312,5806100,JNJ
2025-10-07,181.64491547464473,187.04176840652755,180.82451166041724,186.70570373535156,8776800,JNJ
2025-10-08,186.68595025285137,188.02034522715945,186.09289755053467,187.49647521972656,5751200,JNJ
2025-10-09,187.80287893451043,189.87860099777504,187.53599693612736,188.87039184570312,7484800,JNJ
2025-10-10,189.78963297098187,189.8489518132843,187.6546222006277,188.51455688476562,9598000,JNJ
2025-10-13,187.63484024575644,189.0878426244488,187.09119733496354,188.6924591064453,7979500,JNJ
2025-10-14,190.68910619899648,192.15198752359413,183.73052212206747,188.64305114746094,13613300,JNJ
2025-10-15,189.26576340131732,191.33160656608345,187.1109796787497,188.9593505859375,9473000,JNJ
2025-10-16,189.12738216329106,190.81761473078961,188.2279015859536,189.8983612060547,10611800,JNJ
2025-10-17,190.27396621744242,191.36125205733495,189.46344130364264,190.9856414794922,7764400,JNJ
2025-10-20,191.26240123179355,192.2310644671735,190.10593270864481,191.4798583984375,8034700,JNJ
2025-10-21,190.77807075185612,191.31183476056947,189.55241948302077,189.66114807128906,6716000,JNJ
2025-10-22,189.7797603324635,191.21298988100622,189.56230315049532,190.70889282226562,6343100,JNJ
2025-10-23,190.33326410610792,191.75661458631456,189.3250550022384,190.2443084716797,8882500,JNJ
2025-10-24,189.97743032369885,190.08615890653152,187.2295789564792,188.1982421875,6903400,JNJ
2025-10-27,187.79299820332676,188.59362910846755,187.33831091719009,188.0994110107422,7126000,JNJ
2025-10-28,187.071429737358,187.31853878729856,184.4619587732793,184.76837158203125,8329500,JNJ
2025-10-29,184.54103427695995,184.93641780369282,182.5246310788101,184.44219970703125,10551100,JNJ
2025-10-30,184.91664062115282,187.19004683019028,184.7486082820175,186.86386108398438,7072500,JNJ
2025-10-31,185.2922599991901,187.30866324699156,184.60034258095476,186.68594360351562,8791700,JNJ
2025-11-03,186.81444554993618,186.8440974299442,183.37469172794485,184.1061248779297,7542600,JNJ
2025-11-04,184.66953635312188,185.6480936170402,183.47352191944393,184.69918823242188,7209400,JNJ
2025-11-05,184.48173492809292,185.65797643943674,183.25606858943368,183.84913635253906,5049400,JNJ
2025-11-06,184.60032887796228,185.35155000031943,183.22640324069272,184.8079071044922,6767400,JNJ
2025-11-07,185.56902044160103,186.17196713607015,183.5526021168054,184.4125518798828,6959200,JNJ
2025-11-10,183.84914248376896,186.24115639867696,182.97931375749687,186.2312774658203,5323800,JNJ
2025-11-11,187.19993334062747,191.6775481684981,186.86386864875197,191.58859252929688,7465600,JNJ
2025-11-12,191.12401706134077,193.28869467126262,190.83737721032932,192.14210510253906,8803000,JNJ
2025-11-13,191.96420520711595,193.73349940731035,191.2129840261044,192.99217224121094,8631600,JNJ
2025-11-14,192.74506817041248,194.8998519494097,191.31183862869028,193.664306640625,8824800,JNJ
2025-11-17,194.68239675983705,197.96399703648848,193.6346417392758,197.2720947265625,13257000,JNJ
2025-11-18,196.7086833299708,197.9837744779547,196.23423817558447,197.68724060058594,12468600,JNJ
2025-11-19,197.68724341540397,201.12699722777688,197.07441778716495,200.168212890625,14690800,JNJ
2025-11-20,199.66410677890858,202.14507614142028,199.23908646439702,200.72174072265625,10612600,JNJ
2025-11-21,201.60144835610953,204.54698392676534,200.64266406230783,201.54212951660156,13189100,JNJ
2025-11-24,201.35434501536758,203.73646479570215,200.65254867686934,203.6672821044922,14803900,JNJ
2025-11-25,204.09500679162497,206.6215838446117,204.09500679162497,205.57713317871094,10275300,JNJ
2025-11-26,205.39808366901323,206.71109559930028,204.85098904051847,206.46241760253906,6729000,JNJ
2025-11-28,205.90538444560678,206.3629586449613,203.54792185749713,205.8258056640625,5638300,JNJ
2025-12-01,205.40801990791223,206.601671225268,204.254150390625,204.254150390625,8473700,JNJ
2025-12-02,204.15469935722084,204.5227379456605,202.02601625292777,204.333740234375,8393600,JNJ
2025-12-03,204.8111948667149,205.9252826285737,203.90601848146164,204.2442169189453,8363300,JNJ
2025-12-04,203.50812947813563,203.7767059746564,200.64336916828415,201.40928649902344,9049900,JNJ
2025-12-05,201.90663323067022,202.37414907500914,199.74811005779273,200.8621826171875,7785300,JNJ
2025-12-08,201.58834201037314,202.18516011668032,199.927174755095,200.5538330078125,7785700,JNJ
2025-12-09,201.84695743157303,204.45309801733026,198.85287977253054,198.90261840820312,7509400,JNJ
2025-12-10,199.52928142896002,205.70644978186098,199.1214458560129,205.44781494140625,11599800,JNJ
2025-12-11,206.800616929999,210.1229665164575,206.73099498321687,208.8994598388672,9009000,JNJ
2025-12-12,209.16803774867068,211.14752008902906,207.8550258037756,210.46116638183594,6922700,JNJ
2025-12-15,209.23766850267896,214.05207078419528,207.9047429304409,213.03746032714844,8467000,JNJ
2025-12-16,212.86836535212407,213.5945008532235,207.7058077078452,208.19322204589844,9949800,JNJ
2025-12-17,208.28274174394826,210.40148312707717,207.35766688422177,209.2177734375,8457600,JNJ
2025-12-18,208.69057663307282,209.94390826491855,206.6613556922556,207.2084503173828,7499900,JNJ
2025-12-19,206.46242678675088,208.13355089193627,204.94051859312015,205.27871704101562,24803900,JNJ
2025-12-22,205.03998416945456,206.97966948419256,204.41331076850065,206.22369384765625,8187800,JNJ
2025-12-23,203.9358578426093,205.43786749372595,202.20505350398636,204.69183349609375,7047300,JNJ
2025-12-24,204.91067300087317,206.84041671879498,204.48295412427228,206.68125915527344,2376500,JNJ
2025-12-26,206.4325814439545,206.93987910302855,205.61692549143734,206.5320587158203,2316700,JNJ
2025-12-29,206.90009330533488,208.36232114053888,206.28337673035918,206.46241760253906,4348900,JNJ
2025-12-30,206.41267500751042,206.59173105435548,205.4279198732129,205.81585693359375,3937400,JNJ
2025-12-31,205.8158700525786,206.40274650834,205.27871705590465,205.85565185546875,4083800,JNJ
2026-01-02,205.72634389134794,206.29332184084635,202.60293362874384,206.2535400390625,6325500,JNJ
2026-01-05,204.781347234846,204.8509843578355,199.8475843916204,203.22959899902344,9477000,JNJ
2026-01-06,203.51807923906964,205.6169221452363,203.04060655560488,203.70706176757812,8107900,JNJ
2026-01-07,204.17457313070608,207.15870903533664,203.94579362788576,206.39279174804688,7545900,JNJ
2026-01-08,205.83574014080108,207.87490270971202,203.88611318431748,204.6619873046875,6557800,JNJ
2026-01-09,204.82115536067752,205.60697117688437,202.9311934187722,203.30918884277344,6154300,JNJ
2026-01-12,204.4630603557572,208.79004856995033,202.77205294406903,208.6110076904297,11794300,JNJ
2026-01-13,208.8000046390471,213.25631025751974,207.75555397803453,212.5202178955078,11379600,JNJ
2026-01-14,213.59449538718158,217.70266064794117,213.0175606277502,217.39430236816406,11858800,JNJ
2026-01-15,217.07599467784007,218.5879611619112,214.76827073930042,218.40892028808594,8492100,JNJ
2026-01-16,217.88170337226921,218.94605246635012,216.9864686699265,217.50372314453125,10021500,JNJ
2026-01-20,215.94201883517667,217.5733458657319,213.36571846475653,217.0561065673828,14057100,JNJ
2026-01-21,209.8842366647272,217.523617709026,209.38688065367336,216.85716247558594,14762900,JNJ
2026-01-22,217.61314338335688,220.99515803275426,216.946688180368,217.33462524414062,13160000,JNJ
2026-01-23,218.63769268831862,220.0402402000813,216.68805056082226,218.97589111328125,6950600,JNJ
2026-01-26,219.04554118755243,220.85590917617478,218.83664498443017,220.3187713623047,6856700,JNJ
2026-01-27,220.8260589167103,224.30755083656834,219.53293031085727,223.25315856933594,8154100,JNJ
2026-01-28,225.20279620683007,227.36133465606514,224.88449625169972,226.5158233642578,9026500,JNJ
2026-01-29,227.60005551381826,228.78376524947475,225.87920796420136,226.0880889892578,9645300,JNJ
2026-01-30,227.0529476880107,227.29168402374904,224.13844891577625,226.0482940673828,11045500,JNJ
2026-02-02,227.11265747297156,229.96747613576758,226.0483083177362,229.52980041503906,8187500,JNJ
2026-02-03,230.27582535252645,233.95625667459254,229.26121487432323,231.86737060546875,9346600,JNJ
2026-02-04,233.75731392991355,234.58292668984654,231.70820969161971,233.23011779785156,8641400,JNJ
2026-02-05,233.75732242542819,238.31310525407034,233.74738076944124,236.53256225585938,10267500,JNJ
2026-02-06,237.6963798882826,239.6659053461298,236.72155122592875,238.72093200683594,8274000,JNJ
2026-02-09,238.97955391635966,239.466968252147,235.78652177255736,237.37806701660156,9378500,JNJ
2026-02-10,238.71098513165373,239.22823962936926,236.62209900682328,237.08961486816406,6723300,JNJ
2026-02-11,238.07436773043472,239.9842129594366,236.14462401145659,239.58633422851562,6803900,JNJ
2026-02-12,239.2083355857912,245.0473052999273,238.41256295657277,243.25682067871094,10254300,JNJ
2026-02-13,243.29659922239838,243.6546961418469,241.32707375448166,242.16262817382812,13268500,JNJ
2026-02-17,242.83904656516387,243.19714349398103,240.5909877205504,242.04327392578125,12703000,JNJ
2026-02-18,241.9537577453205,243.7740825673282,241.53598051736643,243.6945037841797,8129700,JNJ
2026-02-19,243.3264406566298,245.6540782344269,242.97830056910783,245.60433959960938,7553900,JNJ
2026-02-20,245.16666739827662,245.57450296026227,239.00939770123207,241.2077178955078,13565800,JNJ
2026-02-23,242.3416882762172,245.5048651358389,241.31713613528814,244.5399932861328,9622700,JNJ
2026-02-24,245.35000610351562,247.25,244.5399932861328,246.27999877929688,7246300,JNJ
2026-02-25,244.86000061035156,247.25,243.72000122070312,245.1699981689453,7698200,JNJ
2026-02-26,245.11000061035156,245.47000122070312,242.02000427246094,243.47000122070312,7172600,JNJ
2026-02-27,244.02999877929688,248.94000244140625,242.5,248.42999267578125,16428600,JNJ
2026-03-02,249.19000244140625,251.7100067138672,246.8699951171875,248.55999755859375,9042400,JNJ
2026-03-03,246.4600067138672,247.8800048828125,244.36000061035156,246.75,6178700,JNJ
2026-03-04,245.75,246.57000732421875,243.17999267578125,245.3000030517578,5768000,JNJ
2026-03-05,242.6300048828125,243.0,235.92999267578125,239.6300048828125,9375400,JNJ
2026-03-06,238.1199951171875,240.7899932861328,235.42999267578125,240.39999389648438,7179800,JNJ
2026-03-09,240.8699951171875,244.08999633789062,240.0399932861328,242.58999633789062,7844000,JNJ
2026-03-10,242.3000030517578,245.0,240.82000732421875,243.7100067138672,7214100,JNJ
2026-03-11,242.8699951171875,243.69000244140625,241.36000061035156,242.99000549316406,6933200,JNJ
2026-03-12,241.4600067138672,244.39999389648438,240.3000030517578,242.0399932861328,7710200,JNJ
2026-03-13,244.2100067138672,245.58999633789062,241.5,241.52000427246094,6415300,JNJ
2026-03-16,243.9199981689453,245.05999755859375,241.6699981689453,243.19000244140625,7571500,JNJ
2026-03-17,243.5800018310547,244.13999938964844,237.22000122070312,238.11000061035156,7281800,JNJ
2026-03-18,237.8699951171875,239.11000061035156,235.4199981689453,237.27999877929688,6811500,JNJ
2026-03-19,238.33999633789062,239.25999450683594,236.30999755859375,237.60000610351562,7511500,JNJ
2026-03-20,236.8300018310547,238.2899932861328,234.5,235.3699951171875,17156600,JNJ
2026-03-23,237.39999389648438,238.30999755859375,234.25,235.4199981689453,7313700,JNJ
2026-03-24,234.13999938964844,236.0,232.24000549316406,235.27000427246094,9046200,JNJ
2026-03-25,236.8000030517578,241.4600067138672,235.72999572753906,239.92999267578125,6456400,JNJ
2026-03-26,240.0,241.64999389648438,238.92999267578125,239.24000549316406,5171400,JNJ
2026-03-27,241.19000244140625,242.67999267578125,239.1300048828125,240.4499969482422,7617600,JNJ
2026-03-30,243.49000549316406,244.2100067138672,240.50999450683594,242.49000549316406,7241300,JNJ
2026-03-31,243.00999450683594,245.3300018310547,242.64999389648438,244.44000244140625,7554200,JNJ
2026-04-01,245.60000610351562,247.1999969482422,243.74000549316406,244.1199951171875,6314600,JNJ
2026-04-02,245.11000061035156,247.2100067138672,241.8699951171875,243.0399932861328,6878700,JNJ
2026-04-06,242.64999389648438,243.52000427246094,240.5,240.97000122070312,4442400,JNJ
2026-04-07,240.77999877929688,240.77999877929688,236.00999450683594,238.41000366210938,6241100,JNJ
2026-04-08,236.63999938964844,241.3300018310547,233.89999389648438,241.3000030517578,8771100,JNJ
2026-04-09,241.3000030517578,244.1999969482422,240.5399932861328,241.30999755859375,6216500,JNJ
2026-04-10,242.0,242.25999450683594,237.91000366210938,238.4600067138672,7354500,JNJ
2026-04-13,237.7100067138672,238.38999938964844,235.17999267578125,237.9600067138672,7663600,JNJ
2026-04-14,235.00999450683594,242.19000244140625,233.25,240.10000610351562,10318700,JNJ
2026-04-15,239.94000244140625,240.4199981689453,236.75,238.6699981689453,6463500,JNJ
2026-04-16,237.4199981689453,238.13999938964844,232.1199951171875,234.5399932861328,8668900,JNJ
2026-04-17,234.36000061035156,235.5399932861328,232.0399932861328,234.17999267578125,8946300,JNJ
2026-04-20,234.80999755859375,235.25999450683594,229.52999877929688,230.69000244140625,7810500,JNJ
2026-04-21,229.35000610351562,229.69000244140625,224.6999969482422,226.16000366210938,11681200,JNJ
2026-04-22,226.17999267578125,227.47999572753906,223.77999877929688,226.10000610351562,9003400,JNJ
2026-04-23,227.25,231.38999938964844,227.02999877929688,230.64999389648438,7085600,JNJ
