ticker,earnings_date,direction,pct_change,abs_change,magnitude,sector,finbert_positive,finbert_negative,finbert_neutral,finbert_confidence,guidance_raised_count,guidance_lowered_count,confidence_score,uncertainty_score,guidance_direction,text_length,avg_sentence_sentiment,sentiment_volatility,positive_sentence_ratio,negative_sentence_ratio,forward_looking_ratio,tb_polarity,tb_subjectivity,word_count,unique_positive_signals,unique_negative_signals,momentum_5d,momentum_10d,volatility,volume_surge,rsi,price_slope,dist_52w_high,avg_volume
AAPL,2026-01-29,UP,0.4646,0.4646,SMALL,Tech,0.724,0.0663,0.2097,0.724,0,0,0,0,0.0,3108,0.0159,0.0503,0.0909,0.0,0.0214,0.0636,0.1818,187,0,0,3.2575,-1.4942,1.3312,0.9866,44.46,-0.6234,-10.3952,49632233.0
AAPL,2025-10-31,DOWN,-0.4882,0.4882,SMALL,Tech,0.8482,0.0999,0.0519,0.8482,0,0,0,0,0.0,3368,-0.0065,0.0818,0.0833,0.1667,0.0181,-0.0293,0.3867,221,0,0,3.2646,10.6536,1.3071,1.13,46.8,1.9822,0.0,47935773.0
AAPL,2025-08-01,UP,0.4793,0.4793,SMALL,Tech,0.0959,0.056,0.8481,0.8481,1,0,0,0,1.0,2548,0.0042,0.011,0.0,0.0,0.0157,0.0222,0.0889,127,1,0,-2.9502,-1.7001,0.6764,1.2474,38.89,0.0791,-19.67,47465213.0
AAPL,2025-05-01,DOWN,-3.7362,3.7362,MEDIUM,Tech,0.8032,0.0511,0.1457,0.8032,0,0,0,0,0.0,2500,0.0438,0.1081,0.2222,0.0,0.0171,0.1091,0.3758,117,0,0,1.9821,6.8645,2.3691,0.6241,40.29,1.2424,-17.8698,68289620.0
AAPL,2025-01-30,DOWN,-0.6692,0.6692,SMALL,Tech,0.5895,0.1941,0.2164,0.5895,0,0,0,0,0.0,2650,0.0063,0.0165,0.0,0.0,0.0129,0.0286,0.1143,155,0,0,7.0196,-1.1767,2.1071,1.197,48.05,-0.6769,-7.5901,60168527.0
AAPL,2024-11-01,DOWN,-0.4038,0.4038,SMALL,Tech,0.1682,0.6833,0.1485,0.6833,0,0,0,0,0.0,2758,0.0012,0.1284,0.2,0.1,0.0,0.0644,0.2971,147,0,0,-2.3767,-0.7207,1.1308,1.1653,40.46,-0.1061,-4.4697,42009693.0
AAPL,2024-08-01,UP,0.6869,0.6869,SMALL,Tech,0.1853,0.0397,0.775,0.775,0,0,0,0,0.0,2653,0.0,0.0,0.0,0.0,0.0183,0.0,0.0,109,0,0,2.1104,-2.4124,1.36,0.8343,28.42,-1.0698,-5.4254,51138587.0
AAPL,2024-05-02,UP,5.9816,5.9816,LARGE,Tech,0.0076,0.9625,0.0299,0.9625,0,0,0,0,0.0,2471,-0.0382,0.1047,0.0,0.1176,0.016,-0.1625,0.25,125,0,0,-0.3473,-3.2793,1.2947,0.9941,46.86,-0.2203,-14.4334,61863180.0
MSFT,2026-01-29,DOWN,-0.7405,0.7405,SMALL,Tech,0.0831,0.7264,0.1904,0.7264,0,0,0,0,0.0,2956,0.022,0.1672,0.12,0.08,0.012,0.2117,0.4517,167,0,0,6.7584,-0.3806,1.5928,1.128,49.45,-0.6387,-10.9836,28185393.0
MSFT,2025-10-30,DOWN,-1.5121,1.5121,SMALL,Tech,0.0827,0.0509,0.8664,0.8664,0,0,0,0,0.0,2511,0.0598,0.1162,0.2353,0.0,0.0174,0.1636,0.1636,115,0,0,4.0322,3.6658,0.9176,1.4863,56.39,1.7483,-0.0959,19005520.0
MSFT,2025-07-30,UP,3.9475,3.9475,MEDIUM,Tech,0.0104,0.9397,0.0499,0.9397,0,0,0,0,0.0,2616,0.0,0.0,0.0,0.0,0.0153,0.0,0.0,131,0,0,1.3245,1.7994,0.5457,1.0276,58.8,0.7483,-0.2219,16187080.0
MSFT,2025-04-30,UP,7.6254,7.6254,LARGE,Tech,0.0638,0.8959,0.0404,0.8959,0,0,0,0,0.0,2815,0.0448,0.0818,0.2353,0.0,0.0127,0.1282,0.2205,157,0,0,5.2485,11.1349,3.2242,0.6997,67.75,0.8425,-15.2337,24071200.0
MSFT,2025-01-29,DOWN,-6.1809,6.1809,LARGE,Tech,0.0157,0.9262,0.0581,0.9262,0,0,0,0,0.0,2414,0.0647,0.2032,0.1176,0.1176,0.0451,0.3038,0.4846,133,0,0,0.2241,4.5226,1.7056,1.1795,69.35,1.8837,-3.9903,21107480.0
MSFT,2024-10-30,DOWN,-6.0527,6.0527,LARGE,Tech,0.011,0.9545,0.0345,0.9545,0,0,0,0,0.0,2599,0.0817,0.1403,0.3,0.0,0.0153,0.1949,0.3333,131,0,0,1.731,3.471,0.7321,0.9951,59.12,1.0232,-7.4496,16556333.0
MSFT,2024-07-30,DOWN,-1.0806,1.0806,SMALL,Tech,0.5788,0.131,0.2901,0.5788,0,0,0,0,0.0,2805,0.1117,0.252,0.2105,0.0,0.0472,0.3515,0.4061,127,0,0,-4.0733,-7.1397,1.5125,1.1663,36.07,-2.828,-8.7326,19622147.0
MSFT,2024-04-25,UP,1.8244,1.8244,SMALL,Tech,0.0104,0.9297,0.0599,0.9297,0,0,0,0,0.0,2611,0.033,0.0798,0.1579,0.0,0.015,0.1389,0.2389,133,0,0,1.1848,-2.1107,1.1755,0.9401,42.78,-1.733,-4.7302,18113920.0
GOOGL,2026-02-04,DOWN,-0.5375,0.5375,SMALL,Tech,0.0411,0.0537,0.9052,0.9052,0,0,0,0,0.0,2503,0.105,0.2241,0.2,0.0,0.0,0.3111,0.4,137,0,0,1.1011,1.1132,1.192,1.0599,54.42,0.6762,-1.158,31302900.0
GOOGL,2025-10-29,UP,2.5167,2.5167,MEDIUM,Tech,0.41,0.0498,0.5402,0.5402,0,0,0,0,0.0,2481,0.0303,0.0664,0.1765,0.0,0.0465,0.1409,0.3227,129,0,0,6.2696,9.341,1.7848,1.0827,49.43,1.7887,-0.6685,28825640.0
GOOGL,2025-07-29,UP,0.3985,0.3985,SMALL,Tech,0.0958,0.0282,0.876,0.876,0,0,0,0,0.0,2445,0.0632,0.1225,0.2353,0.0,0.0155,0.2111,0.2741,129,0,0,0.6481,10.4496,0.7655,1.2443,67.11,1.3806,-6.4661,40936793.0
GOOGL,2025-04-29,DOWN,-0.8492,0.8492,SMALL,Tech,0.887,0.0487,0.0643,0.887,0,0,0,0,0.0,2405,0.0083,0.025,0.0556,0.0,0.036,0.0286,0.1143,111,0,0,6.0342,9.4446,3.2648,1.0688,63.43,0.6,-22.0879,41066713.0
GOOGL,2025-02-04,DOWN,-7.2924,7.2924,LARGE,Tech,0.0885,0.0426,0.8689,0.8689,0,0,0,0,0.0,2182,0.0228,0.0665,0.1053,0.0,0.0206,0.1238,0.2095,97,0,0,3.0363,5.3505,1.8494,1.1031,48.56,0.6454,-1.3675,25441673.0
GOOGL,2024-10-29,UP,2.8171,2.8171,MEDIUM,Tech,0.1323,0.0496,0.8181,0.8181,0,0,0,0,0.0,2414,0.0231,0.0936,0.1,0.05,0.0412,0.0833,0.1944,97,0,0,0.9568,1.4235,0.9152,1.1966,42.4,0.1215,-12.6785,20719893.0
GOOGL,2024-07-23,DOWN,-5.0388,5.0388,LARGE,Tech,0.9453,0.0231,0.0316,0.9453,0,0,0,0,0.0,2421,0.0319,0.0763,0.1667,0.0,0.0,0.1,0.1407,135,0,0,-1.2234,-0.7214,1.5229,1.1815,55.54,-0.5675,-4.9744,19267927.0
GOOGL,2024-04-25,UP,10.2244,10.2244,LARGE,Tech,0.5704,0.0476,0.382,0.5704,0,0,0,0,0.0,2489,0.0056,0.0157,0.0,0.0,0.0325,0.025,0.1,123,0,0,1.9999,5.7132,1.1371,0.9312,55.06,0.2843,-0.1756,25191913.0
AMZN,2026-02-05,DOWN,-5.5548,5.5548,LARGE,Tech,0.1721,0.0571,0.7708,0.7708,0,0,0,1,0.0,2711,0.0506,0.1561,0.1304,0.0,0.0123,0.0984,0.1594,163,0,1,-3.6156,-1.5466,1.6427,1.116,46.35,0.2984,-8.2717,42615840.0
AMZN,2025-10-31,UP,4.0046,4.0046,MEDIUM,Tech,0.0133,0.9222,0.0644,0.9222,0,0,0,0,0.0,2585,0.0,0.0,0.0,0.0,0.0155,0.0,0.0,129,0,0,-0.6021,2.9995,1.596,1.3724,50.83,0.9411,-7.9319,48914727.0
AMZN,2025-08-01,DOWN,-1.4435,1.4435,SMALL,Tech,0.3173,0.066,0.6168,0.6168,0,0,0,0,0.0,2550,0.025,0.075,0.1,0.0,0.0315,0.0909,0.0909,127,0,0,1.1536,4.0396,0.92,1.4128,53.86,0.665,-3.2843,40360747.0
AMZN,2025-05-01,DOWN,-0.1157,0.1157,SMALL,Tech,0.052,0.1253,0.8227,0.8227,0,0,0,0,0.0,2580,0.0,0.0,0.0,0.0,0.0325,0.0,0.0,123,0,0,-1.1365,-3.4956,2.6643,0.8105,59.76,0.2352,-23.8123,53493087.0
AMZN,2025-02-06,DOWN,-4.0531,4.0531,MEDIUM,Tech,0.0443,0.2186,0.7371,0.7371,0,0,0,0,0.0,2275,-0.0049,0.0369,0.087,0.087,0.0,0.0066,0.0909,113,0,0,0.6521,5.7399,1.3873,1.0106,60.56,1.1032,-2.4333,34871907.0
AMZN,2024-10-31,UP,6.1856,6.1856,LARGE,Tech,0.8537,0.0844,0.0619,0.8537,0,0,0,0,0.0,2526,0.0,0.0,0.0,0.0,0.018,0.0,0.0,111,0,0,3.407,3.2574,0.9699,1.1706,33.86,0.1892,-3.635,28853933.0
AMZN,2024-08-01,DOWN,-8.7847,8.7847,LARGE,Tech,0.6794,0.0497,0.2709,0.6794,0,0,0,0,0.0,2409,-0.0026,0.0112,0.0,0.0,0.0171,0.0,0.0,117,0,0,3.9644,-4.1374,1.6258,0.9389,53.35,-0.8916,-6.51,40630740.0
AMZN,2024-05-02,UP,0.8066,0.8066,SMALL,Tech,0.1321,0.1427,0.7252,0.7252,0,0,0,0,0.0,2637,0.0,0.0,0.0,0.0,0.0336,0.0,0.0,119,0,0,3.069,-5.3161,1.8727,1.6821,53.53,-0.6729,-5.3161,48222127.0
META,2026-01-29,DOWN,-2.954,2.954,MEDIUM,Tech,0.0626,0.0434,0.894,0.894,0,0,0,0,0.0,2472,0.0911,0.2258,0.1905,0.0952,0.0,0.1962,0.3346,141,0,0,3.258,3.0893,2.0983,1.1337,57.44,1.76,-15.2244,16269207.0
META,2025-10-29,DOWN,-11.3348,11.3348,LARGE,Tech,0.6985,0.0376,0.2639,0.6985,0,0,0,0,0.0,2728,0.0118,0.0322,0.1176,0.0,0.0276,0.0444,0.0444,145,0,0,2.4584,4.6807,1.4996,1.0346,33.5,2.5079,-4.8168,10524660.0
META,2025-07-30,UP,11.2527,11.2527,LARGE,Tech,0.0331,0.0396,0.9273,0.9273,0,0,0,0,0.0,2492,0.0324,0.0937,0.1111,0.0,0.0153,0.1273,0.1636,131,0,0,-1.9031,-4.4734,1.0562,0.9538,39.27,-1.1075,-5.1606,10573160.0
META,2025-04-30,UP,4.2277,4.2277,MEDIUM,Tech,0.8304,0.0343,0.1354,0.8304,1,0,0,0,1.0,2652,0.0,0.0,0.0,0.0,0.0826,0.0,0.0,121,1,0,6.5677,8.6179,4.8564,0.7716,60.51,-0.1381,-24.67,19056467.0
META,2025-01-29,UP,1.5536,1.5536,SMALL,Tech,0.2248,0.0369,0.7383,0.7383,0,0,0,0,0.0,2496,0.026,0.0463,0.25,0.0,0.0163,0.0769,0.1026,123,0,0,8.1524,7.0025,1.7409,1.5285,51.63,3.2464,0.0,14919380.0
META,2024-10-30,DOWN,-4.0926,4.0926,MEDIUM,Tech,0.0189,0.9305,0.0506,0.9305,0,0,0,0,0.0,2800,0.0182,0.0493,0.125,0.0,0.0397,0.0778,0.1222,151,0,0,5.2493,0.4691,1.3596,1.2186,44.9,-0.8806,-0.4464,9651260.0
META,2024-07-31,UP,4.8249,4.8249,MEDIUM,Tech,0.0081,0.9546,0.0373,0.9546,0,0,0,0,0.0,2676,0.036,0.0998,0.1176,0.0,0.0,0.14,0.1867,151,0,0,0.4162,-13.3722,2.6846,0.8011,33.56,-4.0477,-14.2098,15374767.0
META,2024-04-24,DOWN,-10.5613,10.5613,LARGE,Tech,0.5361,0.0435,0.4203,0.5361,1,0,0,0,1.0,2537,0.0,0.0,0.0,0.0,0.0331,0.025,0.2,121,1,0,0.3905,-2.0997,1.955,1.2869,45.73,-2.4194,-5.9241,14910973.0
NVDA,2026-02-25,DOWN,-5.4561,5.4561,LARGE,Semi,0.0815,0.7665,0.152,0.7665,0,0,0,0,0.0,3081,0.0074,0.0396,0.125,0.0625,0.0242,0.0367,0.17,165,0,0,2.5907,6.9369,2.579,0.9884,56.93,0.9672,-6.8486,177104627.0
NVDA,2025-11-19,DOWN,-3.1525,3.1525,MEDIUM,Semi,0.2434,0.0496,0.7071,0.7071,0,0,0,0,0.0,2548,0.0,0.0,0.0,0.0,0.0301,0.0,0.0,133,0,0,-6.419,-12.4034,2.6611,0.954,44.38,-1.5248,-12.4034,200504247.0
NVDA,2025-08-27,DOWN,-0.7875,0.7875,SMALL,Semi,0.02,0.9029,0.0771,0.9029,0,0,0,0,0.0,2943,0.0235,0.0449,0.1765,0.0,0.0276,0.0706,0.1059,145,0,0,3.6317,1.3098,1.2493,1.0783,48.14,-0.2727,-0.7589,155947693.0
NVDA,2025-05-28,UP,3.249,3.249,MEDIUM,Semi,0.0735,0.1044,0.8221,0.8221,0,0,0,0,0.0,2689,0.0342,0.1058,0.1053,0.0,0.0144,0.0578,0.0978,139,0,0,0.8334,19.3412,2.4224,0.9075,72.21,1.5085,-9.3138,212726027.0
NVDA,2025-02-26,DOWN,-8.4781,8.4781,LARGE,Semi,0.8058,0.0325,0.1617,0.8058,0,0,0,0,0.0,2650,0.0667,0.1886,0.1111,0.0,0.028,0.08,0.12,143,0,0,-9.0498,6.7257,2.6108,1.1629,54.37,0.7008,-15.258,215278267.0
NVDA,2024-11-20,UP,0.5347,0.5347,SMALL,Semi,0.3429,0.1561,0.501,0.501,0,0,0,0,0.0,2648,0.0316,0.0921,0.1053,0.0,0.0268,0.0706,0.1412,149,0,0,0.5059,5.5045,2.6666,1.1291,52.07,0.6947,-1.2561,206412273.0
NVDA,2024-08-28,DOWN,-6.3848,6.3848,LARGE,Semi,0.2041,0.0614,0.7345,0.7345,0,0,0,0,0.0,2653,0.0286,0.0881,0.0952,0.0,0.0284,0.08,0.1467,141,0,0,-0.1556,29.7139,3.0732,0.9773,62.97,2.0676,-5.3695,326876500.0
NVDA,2024-05-22,UP,9.3197,9.3197,LARGE,Semi,0.0516,0.0461,0.9023,0.9023,0,0,0,0,0.0,2633,0.09,0.1953,0.2,0.0,0.0136,0.16,0.2,147,0,0,0.7989,14.8662,1.9992,0.9118,65.17,0.6542,0.0,368265400.0
AMD,2026-02-03,DOWN,-17.3144,17.3144,LARGE,Semi,0.3521,0.0931,0.5549,0.5549,0,0,0,0,0.0,2308,0.041,0.0968,0.2222,0.0,0.048,0.1,0.1667,125,0,0,-2.2854,18.5758,3.3574,0.8912,43.93,2.5574,-6.8324,40406867.0
AMD,2025-10-28,UP,2.4495,2.4495,MEDIUM,Semi,0.0268,0.7909,0.1823,0.7909,0,0,0,0,0.0,2589,0.0322,0.0501,0.3125,0.0,0.0889,0.0957,0.1826,135,0,0,9.0913,22.7696,4.9225,0.7349,64.65,2.2048,0.0,79760153.0
AMD,2025-07-29,UP,1.1666,1.1666,SMALL,Semi,0.0703,0.1896,0.7401,0.7401,0,0,0,0,0.0,2643,0.0307,0.0681,0.1875,0.0,0.1102,0.1203,0.242,127,0,0,12.2415,26.0049,2.2836,1.0892,66.82,2.0825,0.0,52069000.0
AMD,2025-04-29,UP,1.3429,1.3429,SMALL,Semi,0.0237,0.9086,0.0677,0.9086,1,1,0,0,0.0,2669,0.0167,0.0943,0.0556,0.0,0.0296,0.0,0.2,135,1,1,11.7436,15.2439,7.5425,0.6391,56.04,0.5275,-47.6027,48352980.0
AMD,2025-01-28,UP,2.7853,2.7853,MEDIUM,Semi,0.6729,0.0499,0.2773,0.6729,0,0,0,0,0.0,2488,0.0309,0.064,0.2105,0.0,0.0153,0.1093,0.1759,131,0,0,-5.9454,-8.2635,2.8678,0.9898,44.59,-0.3473,-45.5909,39588433.0
AMD,2024-10-29,DOWN,-10.6165,10.6165,LARGE,Semi,0.7887,0.1019,0.1094,0.7887,0,0,0,0,0.0,2500,0.0102,0.0661,0.1875,0.125,0.0593,0.0437,0.2812,135,0,0,3.7835,-7.4537,2.1555,0.8398,41.07,-1.1561,-24.3448,35187113.0
AMD,2024-07-30,UP,4.3629,4.3629,MEDIUM,Semi,0.0089,0.9645,0.0266,0.9645,0,1,0,0,-1.0,2618,0.0267,0.0871,0.125,0.0,0.0465,0.0421,0.2421,129,0,1,-9.2532,-21.0898,3.4423,0.9805,48.72,-3.6428,-33.8868,53530167.0
AMD,2024-04-30,DOWN,-8.909,8.909,LARGE,Semi,0.066,0.6388,0.2953,0.6388,0,1,0,0,-1.0,2828,0.0215,0.053,0.125,0.0,0.0272,0.0435,0.2304,147,0,1,5.2078,-6.1951,2.8431,0.7983,34.62,-1.1555,-24.2123,53218820.0
INTC,2026-01-23,DOWN,-5.7244,5.7244,LARGE,Semi,0.0953,0.0627,0.8419,0.8419,0,0,0,0,0.0,2499,0.0729,0.156,0.1875,0.0,0.016,0.2444,0.3111,125,0,0,12.4172,47.2087,4.8658,1.4088,73.08,1.1386,0.0,132682867.0
INTC,2025-10-24,UP,3.2915,3.2915,MEDIUM,Semi,0.033,0.5623,0.4046,0.5623,0,0,0,0,0.0,2449,0.0176,0.0439,0.1111,0.0,0.062,0.0458,0.15,129,0,0,3.1073,3.6112,2.5391,0.8758,42.23,0.0615,0.0,107406607.0
INTC,2025-07-24,DOWN,-8.5285,8.5285,LARGE,Semi,0.4385,0.1029,0.4586,0.4586,0,0,0,0,0.0,2718,0.0604,0.1211,0.3,0.0,0.0134,0.1333,0.1889,149,0,0,3.0263,7.3583,2.3,0.8852,66.3,0.0551,-29.1609,69414153.0
INTC,2025-04-24,DOWN,-6.7008,6.7008,LARGE,Semi,0.1099,0.1489,0.7412,0.7412,0,0,0,0,0.0,2611,0.0046,0.0609,0.1176,0.1176,0.0138,0.0065,0.1883,145,0,0,7.0723,-6.3239,6.928,0.6803,62.07,-0.1232,-40.744,123941000.0
INTC,2025-01-23,DOWN,-3.4307,3.4307,MEDIUM,Semi,0.0396,0.4447,0.5157,0.5157,0,0,0,0,0.0,2695,-0.0183,0.1025,0.1111,0.1111,0.0719,-0.0383,0.245,139,0,0,10.8519,10.2926,2.9005,1.632,50.67,0.088,-55.2921,66117020.0
INTC,2024-10-24,UP,1.5219,1.5219,SMALL,Semi,0.0078,0.9562,0.036,0.9562,0,0,0,0,0.0,3106,-0.0938,0.2633,0.0,0.125,0.0,-0.1538,0.1692,181,0,0,-2.0499,-1.2579,1.8462,0.9267,47.58,-0.0314,-56.1183,48808753.0
INTC,2024-07-25,UP,0.8039,0.8039,SMALL,Semi,0.8213,0.0613,0.1173,0.8213,0,0,0,0,0.0,2997,0.0412,0.1252,0.1875,0.0625,0.0124,0.0562,0.2732,161,0,0,-9.0909,1.505,2.9313,0.784,46.12,0.0039,-37.1118,59604433.0
INTC,2024-04-25,DOWN,-9.1997,9.1997,LARGE,Semi,0.1256,0.3145,0.5599,0.5599,0,0,0,0,0.0,2574,0.0528,0.1335,0.2353,0.1176,0.0148,0.151,0.3569,135,0,0,-1.5411,-13.1639,1.8805,0.8779,32.61,-0.3795,-31.8339,53161607.0
ORCL,2026-03-10,UP,9.1834,9.1834,LARGE,Tech,0.0612,0.0492,0.8896,0.8896,0,0,0,0,0.0,2834,0.0,0.0,0.0,0.0,0.0544,0.0,0.0,147,0,0,1.7113,-1.5652,2.6113,1.2608,41.08,-0.0032,-53.6368,24658113.0
ORCL,2025-12-09,UP,0.6681,0.6681,SMALL,Tech,0.018,0.691,0.291,0.691,0,0,0,0,0.0,3009,0.0,0.0,0.0,0.0,0.0414,0.0,0.0,145,0,0,9.6668,0.3093,3.0183,1.0124,37.07,-0.2388,-32.7132,23784707.0
ORCL,2025-09-09,UP,35.9488,35.9488,LARGE,Tech,0.8201,0.0471,0.1328,0.8201,0,0,0,0,0.0,2948,0.0117,0.0329,0.125,0.0,0.0645,0.0333,0.2,155,0,0,5.85,-4.2518,2.6823,1.3524,49.73,-0.8145,-7.0,10966580.0
ORCL,2025-06-10,DOWN,-0.6198,0.6198,SMALL,Tech,0.1062,0.8186,0.0752,0.8186,0,0,0,0,0.0,2653,-0.0156,0.0427,0.0,0.1176,0.014,-0.0816,0.1406,143,0,0,4.7357,10.9684,1.4165,0.9881,59.33,1.3023,-7.3828,8166980.0
ORCL,2025-03-11,UP,4.6539,4.6539,MEDIUM,Tech,0.079,0.1895,0.7315,0.7315,0,0,0,0,0.0,2830,0.0306,0.0655,0.2353,0.0,0.0559,0.0769,0.141,143,0,0,-5.5122,-17.2469,2.9887,1.4556,33.14,-2.0521,-22.4883,10637920.0
ORCL,2024-12-10,UP,0.4726,0.4726,SMALL,Tech,0.2633,0.0517,0.6849,0.6849,0,0,0,0,0.0,2894,0.0469,0.1317,0.125,0.0,0.0245,0.1111,0.1111,163,0,0,4.1336,2.5413,1.9063,1.364,48.98,-0.1287,-1.0289,9056360.0
ORCL,2024-09-10,UP,0.8275,0.8275,SMALL,Tech,0.0438,0.0635,0.8927,0.8927,0,0,0,0,0.0,2611,0.0,0.0,0.0,0.0,0.0132,0.0,0.1538,151,0,0,0.2796,1.4284,0.9934,2.0842,55.83,0.2069,-3.3709,6416860.0
ORCL,2024-06-11,UP,13.3193,13.3193,LARGE,Tech,0.3992,0.2247,0.3761,0.3992,0,0,0,0,0.0,2640,0.0,0.0,0.0,0.0,0.0124,0.0,0.1364,161,0,0,3.6895,-0.0161,1.8079,1.2587,43.48,-0.1022,-3.3567,7694807.0
CRM,2026-03-05,UP,0.3575,0.3575,SMALL,Tech,0.4541,0.0688,0.4771,0.4771,0,0,0,0,0.0,2687,0.034,0.1054,0.1176,0.0,0.0602,0.0867,0.1467,133,0,0,-3.2035,4.3676,2.499,0.7799,57.75,0.8074,-33.4382,14842667.0
CRM,2025-12-03,UP,3.6612,3.6612,MEDIUM,Tech,0.1942,0.0797,0.7262,0.7262,0,0,0,0,0.0,2668,0.0333,0.1,0.1111,0.0,0.0373,0.08,0.14,161,0,0,0.252,-4.0041,1.7551,0.8198,41.0,-1.0031,-35.8114,6892560.0
CRM,2025-08-27,UP,1.7469,1.7469,SMALL,Tech,0.4306,0.0668,0.5026,0.5026,0,0,0,0,0.0,2802,0.0111,0.0314,0.1111,0.0,0.0584,0.05,0.05,137,0,0,-1.0996,-2.1792,1.8797,0.7825,52.2,0.5977,-33.4577,8738627.0
CRM,2025-05-28,DOWN,-3.3004,3.3004,MEDIUM,Tech,0.0434,0.7524,0.2043,0.7524,1,0,0,0,1.0,2699,-0.0294,0.0912,0.0,0.1176,0.0787,-0.075,0.125,127,1,0,-3.7735,1.4011,1.9034,1.4862,32.36,0.1315,-24.4455,5940793.0
CRM,2025-02-26,DOWN,-4.0445,4.0445,MEDIUM,Tech,0.5362,0.127,0.3368,0.5362,0,0,0,0,0.0,2707,0.0521,0.0903,0.25,0.0,0.0403,0.1389,0.2389,149,0,0,-5.7468,-11.1176,1.5981,1.1168,31.39,-2.2603,-16.7562,6377313.0
CRM,2024-12-03,UP,10.9948,10.9948,LARGE,Tech,0.0133,0.9425,0.0441,0.9425,0,0,0,0,0.0,2675,-0.0074,0.0228,0.0,0.0952,0.0,-0.0389,0.0722,161,0,0,-2.3886,-3.137,1.7592,0.8578,41.92,-0.2156,-3.5462,6626687.0
CRM,2024-08-28,DOWN,-0.73,0.73,SMALL,Tech,0.1029,0.0888,0.8083,0.8083,0,0,0,0,0.0,2621,0.0331,0.0826,0.1667,0.0,0.0,0.1641,0.2,145,0,0,1.1912,10.065,1.4243,1.049,67.94,1.3683,-16.3857,4386840.0
CRM,2024-05-29,DOWN,-19.7371,19.7371,LARGE,Tech,0.0156,0.9017,0.0827,0.9017,1,0,0,0,1.0,2529,-0.0303,0.1561,0.0909,0.1364,0.042,-0.0083,0.3583,143,1,0,-4.9091,-2.6517,1.4475,1.7479,41.54,-0.0303,-14.7367,4400767.0
JPM,2026-04-11,UP,1.2295,1.2295,SMALL,Finance,0.2612,0.0451,0.6937,0.6937,0,0,0,0,0.0,2639,0.0492,0.12,0.1818,0.0,0.0265,0.1636,0.3227,151,0,0,4.8807,8.6878,1.6214,0.7422,52.95,1.6242,-6.9197,10439753.0
JPM,2026-01-13,DOWN,-0.9746,0.9746,SMALL,Finance,0.1686,0.1237,0.7077,0.7077,0,0,0,0,0.0,2690,0.0083,0.0409,0.1111,0.0,0.0292,0.04,0.2,137,0,0,-3.0244,2.7564,1.2774,1.1407,59.54,0.6293,-3.0244,9141060.0
JPM,2025-10-11,UP,2.353,2.353,MEDIUM,Finance,0.0379,0.7546,0.2075,0.7546,0,0,0,0,0.0,2559,0.0192,0.044,0.1818,0.0,0.0276,0.0844,0.2644,145,0,0,-2.6813,-3.2285,0.7647,0.9487,31.11,-0.6931,-4.3369,7781567.0
JPM,2025-07-11,UP,0.6414,0.6414,SMALL,Finance,0.4389,0.104,0.4571,0.4571,0,0,0,0,0.0,2549,0.0541,0.1065,0.3043,0.0,0.0268,0.1564,0.3641,149,0,0,-2.6385,5.701,1.3125,1.1314,36.62,1.0307,-2.6385,10349020.0
JPM,2025-04-11,DOWN,-0.6266,0.6266,SMALL,Finance,0.0672,0.2371,0.6957,0.6957,0,0,0,0,0.0,2360,0.0,0.0,0.0,0.0,0.0504,0.0,0.0,119,0,0,8.0036,-5.4302,3.774,1.3571,44.07,-2.1192,-18.3751,15327473.0
JPM,2025-01-15,UP,0.7608,0.7608,SMALL,Finance,0.0728,0.2166,0.7106,0.7106,0,0,0,0,0.0,2568,0.0611,0.1339,0.1905,0.0,0.014,0.2,0.3423,143,0,0,1.7683,4.692,0.9471,1.1328,56.73,0.4794,-0.6161,9612920.0
JPM,2024-10-11,DOWN,-0.3644,0.3644,SMALL,Finance,0.7893,0.1138,0.0969,0.7893,0,0,0,0,0.0,2811,0.0435,0.1079,0.2222,0.0,0.0292,0.1152,0.3152,137,0,0,0.767,1.4469,1.1673,0.823,57.78,0.157,-4.7401,8494520.0
JPM,2024-07-12,UP,2.4934,2.4934,MEDIUM,Finance,0.176,0.0531,0.7709,0.7709,0,0,0,0,0.0,2580,0.019,0.0518,0.1429,0.0,0.0403,0.0923,0.1641,149,0,0,1.2989,4.998,0.9752,0.9621,64.49,0.9551,-0.1684,9716433.0
BAC,2026-04-15,DOWN,-1.4912,1.4912,SMALL,Finance,0.0466,0.0431,0.9103,0.9103,0,0,0,0,0.0,2491,0.023,0.0361,0.1176,0.0,0.0,0.06,0.1467,135,0,0,2.8335,10.8226,1.4859,0.9128,52.03,0.4512,-6.2854,34047307.0
BAC,2026-01-15,UP,0.7226,0.7226,SMALL,Finance,0.7797,0.0354,0.1849,0.7797,1,0,0,0,1.0,3017,0.0593,0.1253,0.2222,0.0,0.0351,0.1378,0.2,171,1,0,-6.586,-6.2355,1.5196,1.7959,45.73,-0.1147,-8.3319,32324800.0
BAC,2025-10-15,DOWN,-3.5195,3.5195,MEDIUM,Finance,0.104,0.0535,0.8425,0.8425,0,0,0,0,0.0,2705,0.017,0.0465,0.1176,0.0,0.0709,0.0788,0.1333,141,0,0,0.5016,-3.1141,1.1585,1.3502,44.56,-0.2249,-4.4449,26850273.0
BAC,2025-07-15,DOWN,-0.26,0.26,SMALL,Finance,0.4294,0.0776,0.493,0.493,0,0,0,0,0.0,2657,0.0259,0.0735,0.1111,0.0,0.042,0.0976,0.1762,143,0,0,-0.1697,1.6631,1.1591,0.8419,42.22,0.0263,-3.8013,44447540.0
BAC,2025-04-15,DOWN,-1.7373,1.7373,SMALL,Finance,0.357,0.497,0.1459,0.497,0,0,0,0,0.0,2665,0.0059,0.0161,0.0,0.0,0.014,0.0182,0.1152,143,0,0,4.6817,-15.2726,4.1783,0.9974,38.83,-0.6176,-22.7034,67156433.0
BAC,2025-01-15,DOWN,-0.9766,0.9766,SMALL,Finance,0.1012,0.1167,0.7822,0.7822,1,0,0,0,1.0,2603,0.0,0.0,0.0,0.0,0.0458,0.0,0.0,131,1,0,-0.6511,3.645,1.0781,1.2108,50.04,0.1306,-3.6327,30689160.0
BAC,2024-10-15,UP,1.5662,1.5662,SMALL,Finance,0.0701,0.0538,0.8761,0.8761,0,0,0,0,0.0,2588,0.0401,0.0786,0.2105,0.0,0.014,0.0844,0.1244,143,0,0,4.9587,6.2357,1.4672,1.1424,75.17,0.1448,-4.4114,30621107.0
BAC,2024-07-16,DOWN,-0.3399,0.3399,SMALL,Finance,0.914,0.0315,0.0545,0.914,0,0,0,0,0.0,2389,0.0342,0.0816,0.15,0.0,0.0,0.1107,0.2,131,0,0,1.1347,4.6727,1.0944,1.067,53.46,0.1921,0.0,31969213.0
GS,2026-04-14,DOWN,-1.1147,1.1147,SMALL,Finance,0.157,0.1039,0.739,0.739,0,0,0,0,0.0,2246,0.0314,0.0716,0.1765,0.0,0.0146,0.1208,0.2083,137,0,0,3.0828,7.1601,2.088,1.2574,53.05,6.4596,-8.237,2035027.0
GS,2026-01-15,DOWN,-1.4203,1.4203,SMALL,Finance,0.081,0.0627,0.8564,0.8564,0,0,0,0,0.0,2673,0.0167,0.05,0.1111,0.0,0.0252,0.0364,0.1273,159,0,0,-0.2311,3.4335,1.7044,1.1576,66.34,3.8977,-2.3863,1918407.0
GS,2025-10-14,DOWN,-0.3672,0.3672,SMALL,Finance,0.0974,0.0908,0.8118,0.8118,0,0,0,0,0.0,2783,0.0495,0.1309,0.125,0.0,0.0229,0.2469,0.2812,175,0,0,-0.3635,-2.4234,1.3632,1.2973,42.95,-1.8428,-2.4234,1746973.0
GS,2025-07-14,DOWN,-1.5127,1.5127,SMALL,Finance,0.3269,0.1661,0.507,0.507,0,0,0,0,0.0,2653,0.0,0.0,0.0,0.0,0.0155,0.0,0.2857,129,0,0,-0.8411,10.0109,1.3999,0.6582,63.5,4.394,-2.5881,2622627.0
GS,2025-04-14,UP,0.7758,0.7758,SMALL,Finance,0.1927,0.4019,0.4054,0.4054,0,0,0,0,0.0,2423,0.05,0.0805,0.3125,0.0,0.064,0.1455,0.2727,125,0,0,6.2147,-14.7664,4.8581,1.4055,42.31,-7.9409,-26.0787,3834627.0
GS,2025-01-15,UP,1.1668,1.1668,SMALL,Finance,0.0583,0.0375,0.9042,0.9042,0,0,0,0,0.0,2741,0.0,0.0,0.0,0.0,0.0,0.0,0.0615,159,0,0,-1.4807,0.9592,1.2595,1.2256,54.22,-0.309,-5.6211,1879560.0
GS,2024-10-15,UP,1.4319,1.4319,SMALL,Finance,0.1301,0.1851,0.6848,0.6848,0,0,0,0,0.0,2475,0.0137,0.0366,0.125,0.0,0.0,0.075,0.175,129,0,0,5.2722,4.9657,1.1713,1.2677,60.74,1.39,0.0,1549693.0
GS,2024-07-15,UP,2.1921,2.1921,MEDIUM,Finance,0.0897,0.0629,0.8474,0.8474,0,0,0,0,0.0,2806,0.0614,0.1013,0.2941,0.0,0.0144,0.1808,0.2885,139,0,0,3.24,6.5974,1.3001,0.9721,50.52,1.9696,0.0,2374673.0
V,2026-01-28,UP,1.4741,1.4741,SMALL,Finance,0.023,0.9547,0.0224,0.9547,0,0,0,0,0.0,2876,0.0476,0.1119,0.24,0.08,0.0,0.0787,0.434,189,0,0,-0.0061,-9.0334,1.2407,0.7639,26.81,-2.3989,-12.5451,8541293.0
V,2025-10-29,UP,1.0988,1.0988,SMALL,Finance,0.9379,0.023,0.039,0.9379,0,0,0,0,0.0,2525,0.0,0.0,0.0,0.0,0.0136,0.0,0.0,147,0,0,0.4459,-1.2694,1.1814,1.0499,45.3,0.0204,-6.911,5213853.0
V,2025-07-23,DOWN,-0.3715,0.3715,SMALL,Finance,0.0393,0.0699,0.8908,0.8908,1,0,0,0,1.0,2562,0.0147,0.0588,0.0588,0.0,0.0276,0.0625,0.125,145,1,0,0.5602,-1.0156,0.895,0.8771,52.42,-0.5757,-5.7459,5608733.0
V,2025-04-29,UP,1.1654,1.1654,SMALL,Finance,0.9335,0.0349,0.0315,0.9335,0,0,0,0,0.0,2643,0.045,0.1062,0.2,0.0,0.028,0.1519,0.2741,143,0,0,1.8437,8.0654,2.6152,0.829,59.57,1.2436,-6.9477,7209867.0
V,2025-01-28,UP,0.4186,0.4186,SMALL,Finance,0.1411,0.0434,0.8155,0.8155,0,0,0,0,0.0,2470,0.0104,0.0403,0.0625,0.0,0.0138,0.0625,0.125,145,0,0,3.3711,6.2335,0.9549,0.958,63.49,1.5863,0.0,5658000.0
V,2024-10-29,UP,2.9374,2.9374,MEDIUM,Finance,0.0133,0.9556,0.0311,0.9556,1,0,0,0,1.0,2221,-0.0117,0.0248,0.0,0.1053,0.0342,-0.0393,0.1624,117,1,0,-0.2107,3.3569,1.0048,0.8256,59.27,0.6231,-2.5278,5430633.0
V,2024-07-23,DOWN,-4.0107,4.0107,MEDIUM,Finance,0.4866,0.1487,0.3648,0.4866,0,0,0,0,0.0,2471,0.05,0.1061,0.1875,0.0,0.0336,0.1846,0.2769,119,0,0,-0.572,1.6981,1.0488,0.8238,49.66,0.1486,-7.6332,7164080.0
V,2024-04-23,UP,0.332,0.332,SMALL,Finance,0.0472,0.0536,0.8993,0.8993,0,0,0,0,0.0,2419,0.0098,0.0392,0.0588,0.0,0.0,0.0625,0.2111,127,0,0,0.3612,-2.1944,0.7577,1.1059,37.8,-0.5117,-6.2127,6811933.0
MA,2026-01-29,DOWN,-0.9085,0.9085,SMALL,Finance,0.0389,0.0499,0.9112,0.9112,0,0,0,0,0.0,2499,-0.0079,0.0244,0.0,0.0526,0.0155,-0.0286,0.1143,129,0,0,-2.1563,-9.9612,1.1501,1.0698,22.91,-4.4543,-12.7083,4416427.0
MA,2025-10-31,DOWN,-1.4348,1.4348,SMALL,Finance,0.4969,0.0589,0.4442,0.4969,0,0,0,0,0.0,2554,0.0521,0.1134,0.2,0.0,0.0315,0.1872,0.3103,127,0,0,-3.4846,-0.6816,1.1988,1.3062,54.95,0.2693,-7.4377,2797927.0
MA,2025-07-31,DOWN,-1.1616,1.1616,SMALL,Finance,0.0492,0.0559,0.8949,0.8949,0,0,0,0,0.0,2256,0.0,0.0,0.0,0.0,0.0354,0.0,0.0,113,0,0,-0.7791,-0.7826,0.8596,1.0731,32.16,0.8487,-5.2263,2397800.0
MA,2025-04-29,UP,1.5528,1.5528,SMALL,Finance,0.8053,0.0464,0.1483,0.8053,1,0,0,0,1.0,2262,0.0226,0.0611,0.125,0.0,0.0157,0.0963,0.163,127,1,0,1.3578,10.2607,2.4499,0.6214,57.82,3.3493,-7.1094,3192247.0
MA,2025-01-30,DOWN,-1.8692,1.8692,SMALL,Finance,0.8539,0.048,0.0981,0.8539,0,0,0,0,0.0,2293,0.0,0.0,0.0,0.0,0.0,0.0,0.0,121,0,0,2.7292,7.4714,1.1539,1.0567,61.23,3.1079,0.0,2634320.0
MA,2024-10-31,UP,1.6994,1.6994,SMALL,Finance,0.4796,0.166,0.3544,0.4796,0,0,0,0,0.0,2620,0.1209,0.1614,0.4118,0.0,0.0134,0.2529,0.3824,149,0,0,0.6012,3.1465,0.6656,1.1202,63.76,0.4543,-0.5132,2194220.0
MA,2024-07-31,DOWN,-0.2803,0.2803,SMALL,Finance,0.117,0.0514,0.8316,0.8316,0,0,0,0,0.0,2361,0.0255,0.0698,0.1176,0.0,0.0168,0.1238,0.2095,119,0,0,3.4686,3.1847,1.1892,0.7878,53.72,0.0205,-8.1669,2773427.0
MA,2024-05-01,DOWN,-0.2194,0.2194,SMALL,Finance,0.4619,0.0873,0.4508,0.4619,1,0,0,0,1.0,2479,0.0361,0.1083,0.1111,0.0,0.0157,0.1238,0.2095,127,1,0,-2.4432,-3.8302,0.7121,0.9786,30.73,-0.6465,-7.5342,2310400.0
TSLA,2026-01-28,DOWN,-3.4534,3.4534,MEDIUM,Consumer,0.1748,0.168,0.6572,0.6572,0,0,0,0,0.0,2484,-0.0069,0.0213,0.0,0.1,0.0,-0.037,0.037,145,0,0,-0.1252,-0.4758,2.1291,0.7974,63.96,-0.0648,-12.0397,60157987.0
TSLA,2025-10-23,DOWN,-3.3988,3.3988,MEDIUM,Consumer,0.0181,0.9175,0.0644,0.9175,0,0,0,0,0.0,2835,0.0202,0.0565,0.15,0.0,0.0116,0.0573,0.1976,173,0,0,2.3837,0.6812,3.0031,0.7758,59.0,0.2798,-8.5212,86860980.0
TSLA,2025-07-23,DOWN,-8.197,8.197,LARGE,Consumer,0.0356,0.9196,0.0448,0.9196,1,0,0,0,1.0,2693,-0.0051,0.0453,0.1053,0.1053,0.0,-0.0035,0.1352,155,1,0,3.2456,10.442,2.9031,0.8896,60.05,2.0665,-30.7902,92695093.0
TSLA,2025-04-22,UP,5.3662,5.3662,LARGE,Consumer,0.0078,0.9609,0.0313,0.9609,0,0,0,0,0.0,2596,-0.0141,0.0577,0.0556,0.1667,0.0,-0.0348,0.3594,143,0,0,-9.8474,-12.2164,7.7004,0.6767,58.4,-1.9127,-52.5903,144608647.0
TSLA,2025-01-29,UP,2.8733,2.8733,MEDIUM,Consumer,0.0149,0.9449,0.0402,0.9449,0,0,0,0,0.0,2388,-0.0397,0.1014,0.0,0.1765,0.0142,-0.1949,0.241,141,0,0,-4.1001,-3.1529,2.9478,0.7741,60.18,0.5139,-17.0404,70388520.0
TSLA,2024-10-23,UP,21.919,21.919,LARGE,Consumer,0.0092,0.9645,0.0262,0.9645,0,0,0,0,0.0,2713,0.0221,0.0641,0.1176,0.0,0.0261,0.0385,0.0769,153,0,0,-1.5181,-12.4689,2.8426,0.6566,39.16,-2.5248,-17.2035,71174880.0
TSLA,2024-07-23,DOWN,-12.3346,12.3346,LARGE,Consumer,0.0106,0.9203,0.0691,0.9203,0,0,0,0,0.0,2382,0.0389,0.11,0.1111,0.0,0.0,0.1556,0.2556,133,0,0,-1.9684,19.8466,4.4428,0.6889,38.09,1.1349,-8.8864,144916233.0
TSLA,2024-04-23,UP,12.0611,12.0611,LARGE,Consumer,0.0115,0.9422,0.0464,0.9422,0,0,0,0,0.0,2189,-0.0229,0.0622,0.0,0.1667,0.0155,-0.0555,0.4685,129,0,0,-9.5856,-14.7512,2.8298,0.976,43.55,-1.8674,-51.575,99134820.0
NFLX,2026-04-15,UP,0.0743,0.0743,SMALL,Consumer,0.0104,0.9613,0.0283,0.9613,0,0,0,0,0.0,2515,0.0023,0.0073,0.0,0.0,0.0414,0.013,0.3019,145,0,0,6.9323,16.894,1.3678,0.8595,79.12,1.0133,-20.635,35812513.0
NFLX,2026-01-20,DOWN,-2.1774,2.1774,MEDIUM,Consumer,0.0174,0.9448,0.0378,0.9448,0,0,0,0,0.0,2987,-0.0075,0.0238,0.0,0.05,0.0382,-0.0286,0.0,157,0,0,-1.577,-6.8487,0.9708,1.1917,40.8,-0.4666,-34.2857,37709853.0
NFLX,2025-10-15,DOWN,-1.6372,1.6372,SMALL,Consumer,0.071,0.0422,0.8869,0.8869,0,0,0,0,0.0,2456,0.0565,0.1096,0.25,0.0,0.015,0.1524,0.4086,133,0,0,0.0906,0.9469,1.2024,0.9774,60.96,0.1349,-9.2433,31045800.0
NFLX,2025-07-17,DOWN,-5.0959,5.0959,LARGE,Consumer,0.0079,0.9671,0.025,0.9671,0,0,0,0,0.0,2470,0.0,0.0,0.0,0.0,0.0174,0.0,0.0,115,0,0,-0.0224,-1.9557,1.5958,0.9351,52.28,-0.4568,-6.6327,31402133.0
NFLX,2025-04-17,UP,1.5292,1.5292,SMALL,Consumer,0.8728,0.0383,0.0889,0.8728,0,0,0,0,0.0,2480,0.0171,0.0769,0.1111,0.0556,0.0559,0.0622,0.2489,143,0,0,4.3922,-1.545,3.5777,1.1369,56.21,0.0467,-9.1602,52227933.0
NFLX,2025-01-21,UP,9.6944,9.6944,LARGE,Consumer,0.1286,0.0462,0.8251,0.8251,0,0,0,0,0.0,2670,0.0093,0.0311,0.0909,0.0,0.0387,0.039,0.1299,155,0,0,2.1195,-7.1461,1.5147,1.2011,49.48,-0.571,-8.3775,30048933.0
NFLX,2024-10-16,DOWN,-2.0442,2.0442,MEDIUM,Consumer,0.0515,0.8322,0.1163,0.8322,0,0,0,0,0.0,2570,0.0,0.0,0.0,0.0,0.0,0.0,0.0,161,0,0,-2.9487,-2.1592,1.3411,1.0683,50.59,0.0507,-3.3288,25054467.0
NFLX,2024-07-17,DOWN,-0.6827,0.6827,SMALL,Consumer,0.0625,0.7408,0.1967,0.7408,0,0,0,0,0.0,2425,0.0,0.0,0.0,0.0,0.028,0.0,0.0,143,0,0,-3.1476,-2.3929,1.2937,1.105,45.32,-0.1731,-4.9707,27903667.0
DIS,2026-02-05,UP,3.5534,3.5534,MEDIUM,Consumer,0.7904,0.0438,0.1658,0.7904,0,0,0,0,0.0,3189,0.0632,0.1491,0.1739,0.0,0.0231,0.1322,0.2083,173,0,0,-4.0599,-5.7077,2.4059,1.9488,44.89,-0.489,-13.0923,13970640.0
DIS,2025-11-13,DOWN,-1.682,1.682,SMALL,Consumer,0.0106,0.9534,0.036,0.9534,0,0,0,0,0.0,2795,0.0122,0.0446,0.1176,0.0,0.0255,0.0433,0.2567,157,0,0,5.5752,3.2027,1.0854,1.3584,62.28,0.1379,-5.935,8372773.0
DIS,2025-08-06,DOWN,-1.9884,1.9884,SMALL,Consumer,0.041,0.22,0.739,0.739,0,1,0,0,-1.0,2807,0.0406,0.0755,0.25,0.0,0.053,0.1308,0.1615,151,0,1,-1.0206,-1.2519,1.189,1.41,67.74,-0.2516,-4.5883,7765573.0
DIS,2025-05-07,UP,2.968,2.968,MEDIUM,Consumer,0.0685,0.097,0.8344,0.8344,0,0,0,0,0.0,2598,0.0,0.0,0.0,0.0,0.0134,0.0,0.0,149,0,0,1.3414,8.4225,1.5102,1.0058,67.94,0.6863,-21.2769,9831413.0
DIS,2025-02-05,UP,1.4022,1.4022,SMALL,Consumer,0.4747,0.123,0.4024,0.4747,0,0,0,0,0.0,2795,0.0146,0.0386,0.125,0.0,0.0339,0.0778,0.1222,177,0,0,0.0972,4.791,0.9714,1.2486,48.18,0.5378,-6.9149,8058400.0
DIS,2024-11-14,UP,5.4619,5.4619,LARGE,Consumer,0.009,0.97,0.0209,0.97,0,0,0,0,0.0,3028,0.0361,0.0524,0.375,0.0,0.0447,0.0854,0.2521,179,0,0,3.831,7.673,0.9665,1.432,72.64,0.491,-15.9796,8427493.0
DIS,2024-08-07,DOWN,0.0,0.0,SMALL,Consumer,0.0598,0.1913,0.7489,0.7489,0,1,0,0,-1.0,2836,0.0552,0.0874,0.3125,0.0,0.0248,0.1588,0.1824,161,0,1,-3.9705,-7.5429,1.8566,1.4445,55.51,-0.4271,-26.4085,12980967.0
DIS,2024-05-07,UP,0.0474,0.0474,SMALL,Consumer,0.5766,0.2972,0.1262,0.5766,0,0,0,0,0.0,2829,0.0,0.0,0.0,0.0,0.0248,0.0,0.0154,161,0,0,4.8335,2.2743,1.0811,1.2635,66.33,0.0272,-5.1702,8050080.0
SBUX,2026-01-28,DOWN,-1.3451,1.3451,SMALL,Consumer,0.5651,0.3533,0.0816,0.5651,0,0,0,0,0.0,2879,-0.0133,0.0452,0.0,0.08,0.0432,-0.0476,0.0476,185,0,0,-0.7363,6.9975,1.5334,1.2894,54.55,0.7243,-15.611,10927340.0
SBUX,2025-10-29,DOWN,-1.2118,1.2118,SMALL,Consumer,0.1196,0.8345,0.0459,0.8345,0,0,0,0,0.0,2781,0.0505,0.1168,0.1875,0.0,0.0544,0.1062,0.35,147,0,0,-0.0819,6.7341,1.3374,0.9467,62.28,0.5689,-25.2232,8645887.0
SBUX,2025-07-29,DOWN,-0.2151,0.2151,SMALL,Consumer,0.0114,0.9062,0.0824,0.9062,0,0,0,0,0.0,2753,0.0,0.0,0.0,0.0,0.048,0.0,0.0,125,0,0,-3.3732,-1.3377,1.5837,1.0785,53.38,-0.0175,-18.5481,7867780.0
SBUX,2025-04-29,DOWN,-5.657,5.657,LARGE,Consumer,0.0969,0.3185,0.5846,0.5846,0,0,0,0,0.0,2519,-0.0312,0.0827,0.0,0.125,0.015,-0.1429,0.1429,133,0,0,2.63,4.875,3.4948,0.523,52.59,-0.0073,-27.5537,12547733.0
SBUX,2025-01-28,UP,8.1366,8.1366,LARGE,Consumer,0.0939,0.1139,0.7922,0.7922,0,0,0,0,0.0,2624,0.0147,0.0403,0.1176,0.0,0.0496,0.0714,0.0952,121,0,0,2.082,8.0363,0.9393,1.1461,75.9,0.5331,-2.4195,7129613.0
SBUX,2024-10-30,UP,0.3905,0.3905,SMALL,Consumer,0.1721,0.2778,0.5501,0.5501,0,0,0,0,0.0,2492,0.063,0.0999,0.375,0.0,0.0444,0.1385,0.2308,135,0,0,-0.2662,1.5749,0.9756,1.1293,50.29,0.225,-7.3632,7119593.0
SBUX,2024-07-30,UP,2.6468,2.6468,MEDIUM,Consumer,0.0492,0.0514,0.8994,0.8994,0,0,0,0,0.0,2069,0.0407,0.1152,0.1111,0.0,0.036,0.22,0.28,111,0,0,-1.39,3.3677,2.6501,1.0237,63.46,0.1457,-28.8999,13749320.0
SBUX,2024-04-30,DOWN,-15.8775,15.8775,LARGE,Consumer,0.0159,0.9184,0.0657,0.9184,0,1,0,0,-1.0,2521,-0.0099,0.0704,0.0556,0.1667,0.0144,-0.0889,0.3299,139,0,1,0.5235,1.3773,0.7709,0.9398,43.02,0.2109,-21.1998,8154947.0
NKE,2026-03-20,UP,0.6492,0.6492,SMALL,Consumer,0.7682,0.05,0.1818,0.7682,0,0,0,0,0.0,2835,0.0236,0.0882,0.087,0.0,0.0343,0.1273,0.2364,175,0,0,-1.0004,-13.4855,1.2275,0.7989,43.47,-0.5679,-31.3232,16284367.0
NKE,2025-12-19,DOWN,-2.5379,2.5379,MEDIUM,Consumer,0.022,0.7248,0.2533,0.7248,0,0,0,0,0.0,2632,-0.0012,0.0033,0.0,0.0,0.0,-0.0045,0.15,163,0,0,-2.7271,2.1956,1.8314,1.5271,56.43,0.1507,-17.8026,14238507.0
NKE,2025-09-30,UP,6.4104,6.4104,LARGE,Consumer,0.0123,0.9193,0.0684,0.9193,0,0,0,0,0.0,2378,0.0,0.0,0.0,0.0,0.0,0.0,0.1143,141,0,0,-1.9456,-5.5027,0.9912,1.178,23.32,-0.3568,-20.5129,13350960.0
NKE,2025-06-26,UP,15.1903,15.1903,LARGE,Consumer,0.0077,0.9644,0.0279,0.9644,0,0,0,0,0.0,2455,-0.0205,0.0326,0.0,0.1579,0.031,-0.0508,0.1085,129,0,0,2.2181,-3.0906,1.821,1.0134,50.08,-0.2099,-36.0562,13377680.0
NKE,2025-03-20,DOWN,-5.4551,5.4551,LARGE,Consumer,0.1457,0.3192,0.5351,0.5351,0,0,0,0,0.0,2585,0.0803,0.1299,0.3158,0.0,0.0132,0.1933,0.2844,151,0,0,0.4818,-8.3236,1.428,1.0386,56.29,-0.5403,-26.2526,11489553.0
NKE,2024-12-19,DOWN,-0.2075,0.2075,SMALL,Consumer,0.0099,0.9653,0.0248,0.9653,0,0,0,0,0.0,2581,-0.0104,0.0276,0.0,0.125,0.0,-0.0294,0.1235,161,0,0,-1.3597,-1.3371,1.1438,1.2086,52.38,-0.0979,-36.2205,10994413.0
NKE,2024-10-01,DOWN,-6.7654,6.7654,LARGE,Consumer,0.0099,0.9653,0.0248,0.9653,0,0,0,0,0.0,2581,-0.0104,0.0276,0.0,0.125,0.0,-0.0294,0.1235,161,0,0,1.0748,13.2027,1.7893,0.8329,62.76,0.9279,-27.055,13927073.0
NKE,2024-06-27,DOWN,-19.9809,19.9809,LARGE,Consumer,0.0186,0.9287,0.0527,0.9287,0,0,0,0,0.0,2367,0.0222,0.0961,0.1111,0.0556,0.014,0.0714,0.153,143,0,0,-1.58,-0.2756,1.276,1.0779,56.59,0.0079,-22.7292,8854873.0
JNJ,2026-01-21,UP,0.2202,0.2202,SMALL,Health,0.0236,0.6883,0.2881,0.6883,0,0,0,0,0.0,2573,0.03,0.1308,0.05,0.0,0.0,0.1714,0.2571,153,0,0,2.1343,5.131,1.1759,1.3118,63.41,1.0222,-0.6194,8276127.0
JNJ,2025-10-15,UP,0.4969,0.4969,SMALL,Health,0.0081,0.9572,0.0348,0.9572,0,0,0,0,0.0,2564,0.0255,0.0698,0.1176,0.0,0.0403,0.0963,0.1852,149,0,0,0.6115,8.014,0.651,1.1776,86.71,1.0297,-0.1204,8828600.0
JNJ,2025-07-15,UP,6.1932,6.1932,LARGE,Health,0.0665,0.0621,0.8714,0.8714,0,0,0,0,0.0,3024,0.0,0.0,0.0,0.0,0.0288,0.0,0.0,139,0,0,0.6612,3.6347,0.6271,1.0885,66.11,0.4421,-5.6861,7591533.0
JNJ,2025-04-15,UP,0.1888,0.1888,SMALL,Health,0.3187,0.0529,0.6284,0.6284,0,0,0,0,0.0,2602,0.0531,0.0932,0.25,0.0,0.0258,0.1697,0.2242,155,0,0,2.9067,-4.1361,2.6657,0.9238,29.65,-0.9889,-7.9547,12434647.0
JNJ,2025-01-22,UP,0.9431,0.9431,SMALL,Health,0.023,0.8706,0.1065,0.8706,0,0,0,0,0.0,2735,0.0342,0.1058,0.1053,0.0,0.0127,0.0788,0.1333,157,0,0,2.3489,2.1372,1.2016,1.2513,51.52,0.2155,-10.7786,8217973.0
JNJ,2024-10-15,UP,0.1097,0.1097,SMALL,Health,0.925,0.0359,0.0391,0.925,0,0,0,0,0.0,2327,0.0,0.0,0.0,0.0,0.014,0.0,0.0,143,0,0,1.1961,-0.7249,0.5054,0.9829,43.29,-0.0801,-3.4532,5430200.0
JNJ,2024-07-17,DOWN,-0.7409,0.7409,SMALL,Health,0.1331,0.0594,0.8075,0.8075,0,0,0,0,0.0,2539,0.0382,0.1111,0.1176,0.0,0.042,0.1238,0.2095,143,0,0,1.0573,2.5953,0.6801,1.0486,60.13,0.294,-10.742,5886527.0
JNJ,2024-04-16,UP,0.2215,0.2215,SMALL,Health,0.5586,0.0817,0.3596,0.5586,0,0,0,0,0.0,2443,0.0226,0.0611,0.125,0.0,0.028,0.0963,0.163,143,0,0,-3.0862,-4.9156,0.8682,1.151,37.03,-0.7115,-13.463,6943867.0
PFE,2026-01-28,UP,0.9281,0.9281,SMALL,Health,0.4128,0.0432,0.544,0.544,0,0,0,0,0.0,2844,0.0,0.0,0.0,0.0,0.0116,0.0,0.0393,173,0,0,4.0707,5.9532,1.0064,1.0673,67.14,0.091,0.0,50727860.0
PFE,2025-10-29,DOWN,0.0,0.0,SMALL,Health,0.2435,0.1326,0.6238,0.6238,0,0,0,0,0.0,3084,0.0056,0.0208,0.037,0.0,0.0428,0.0154,0.1775,187,0,0,-0.89,-4.595,0.8503,0.8621,41.11,-0.0326,-10.4859,43520947.0
PFE,2025-07-29,DOWN,-2.0165,2.0165,MEDIUM,Health,0.108,0.2691,0.6229,0.6229,0,0,0,0,0.0,2702,0.0,0.0,0.0,0.0,0.0403,0.0,0.0778,149,0,0,-1.633,-3.4759,1.4397,0.7851,67.13,-0.0443,-17.1208,39235987.0
PFE,2025-04-29,UP,2.6061,2.6061,MEDIUM,Health,0.7382,0.0695,0.1923,0.7382,0,0,0,0,0.0,2798,0.1353,0.1968,0.3529,0.0,0.0593,0.3641,0.4564,135,0,0,2.308,1.8559,1.9748,0.7603,40.09,0.0515,-24.1956,55569107.0
PFE,2025-01-28,DOWN,-0.486,0.486,SMALL,Health,0.2404,0.1165,0.6432,0.6432,0,0,0,0,0.0,2791,0.0065,0.0272,0.0435,0.0,0.0,0.0472,0.0823,149,0,0,2.4927,2.6854,1.3596,1.1367,51.41,-0.0171,-11.6657,36051000.0
PFE,2024-10-29,UP,0.2108,0.2108,SMALL,Health,0.0302,0.8871,0.0827,0.8871,0,0,0,0,0.0,2609,0.0177,0.0832,0.125,0.125,0.042,0.0933,0.3511,143,0,0,0.0693,-1.0966,1.426,1.0937,61.28,-0.0631,-8.0599,29101107.0
PFE,2024-07-30,DOWN,-2.7079,2.7079,MEDIUM,Health,0.0196,0.9416,0.0388,0.9416,0,0,0,0,0.0,2735,0.0521,0.123,0.2,0.0,0.0245,0.1308,0.2615,163,0,0,5.6052,12.3865,1.2209,1.1002,67.63,0.1728,-12.0994,36257420.0
PFE,2024-04-30,UP,6.089,6.089,LARGE,Health,0.8686,0.0459,0.0855,0.8686,0,0,0,0,0.0,2677,0.0885,0.1847,0.1875,0.0,0.0255,0.2417,0.35,157,0,0,-2.5836,-4.2569,1.4575,1.1838,36.01,-0.0448,-33.787,37784073.0
QCOM,2026-01-29,DOWN,-0.4139,0.4139,SMALL,Semi,0.0775,0.5069,0.4156,0.5069,1,1,0,0,0.0,2988,0.0224,0.0467,0.1875,0.0,0.0114,0.08,0.1067,175,1,1,-3.2319,-15.2561,1.6563,0.8809,38.45,-2.064,-18.2224,9421333.0
QCOM,2025-10-30,UP,2.0535,2.0535,MEDIUM,Semi,0.0407,0.6166,0.3427,0.6166,1,0,0,0,1.0,2648,0.0585,0.119,0.2353,0.0,0.0576,0.1697,0.2424,139,1,0,5.0815,7.8534,3.9759,2.7006,55.41,1.5921,-4.8007,14038700.0
QCOM,2025-07-31,UP,0.9744,0.9744,SMALL,Semi,0.2993,0.1673,0.5334,0.5334,0,0,0,0,0.0,2634,0.0676,0.1288,0.2353,0.0,0.0567,0.2074,0.2741,141,0,0,0.1385,-0.0189,1.3183,1.4916,57.47,0.3853,-10.1655,7479667.0
QCOM,2025-04-30,DOWN,-8.925,8.925,LARGE,Semi,0.084,0.8839,0.0321,0.8839,0,0,0,0,0.0,2710,0.025,0.0661,0.125,0.0,0.0699,0.1143,0.2,143,0,0,4.5707,17.8245,4.6021,0.6074,73.07,1.001,-34.2941,9647620.0
QCOM,2025-01-29,UP,0.1281,0.1281,SMALL,Semi,0.0126,0.954,0.0334,0.954,1,0,0,0,1.0,2787,0.0005,0.0425,0.0556,0.1111,0.0513,0.0067,0.1778,117,1,0,0.7695,7.3194,1.4988,1.2573,55.39,1.1645,-23.6697,8000613.0
QCOM,2024-10-30,DOWN,-2.8934,2.8934,MEDIUM,Semi,0.0166,0.8869,0.0964,0.8869,0,0,0,0,0.0,2628,0.0644,0.1506,0.1818,0.0,0.1022,0.1538,0.1846,137,0,0,5.6422,3.3956,2.0855,0.8269,57.74,0.011,-22.0972,6832180.0
QCOM,2024-07-31,DOWN,-9.3672,9.3672,LARGE,Semi,0.8638,0.0283,0.1079,0.8638,0,0,0,0,0.0,2684,0.0113,0.0329,0.1053,0.0,0.014,0.0536,0.2857,143,0,0,-7.8036,-20.0479,3.7961,1.0197,39.69,-2.549,-26.4873,9139593.0
QCOM,2024-04-24,DOWN,-0.2017,0.2017,SMALL,Semi,0.023,0.5773,0.3997,0.5773,0,0,0,0,0.0,2614,0.0208,0.0686,0.125,0.0,0.0138,0.0714,0.1286,145,0,0,-1.8075,-7.2221,1.7619,1.1532,41.47,-1.051,-8.1778,7156307.0
AVGO,2025-12-11,DOWN,-11.428,11.428,LARGE,Semi,0.3759,0.2185,0.4056,0.4056,1,0,0,0,1.0,2526,0.0,0.0,0.0,0.0,0.015,0.0,0.0727,133,1,0,8.3825,16.5199,3.4399,1.0872,59.76,3.7456,0.0,26515767.0
AVGO,2025-09-04,UP,9.4054,9.4054,LARGE,Semi,0.892,0.0263,0.0817,0.892,1,0,0,0,1.0,2673,0.1069,0.1806,0.3529,0.0,0.0153,0.259,0.3436,131,1,0,0.7128,-2.1676,1.7905,1.0723,38.01,-0.4393,-3.3373,18600160.0
AVGO,2025-06-05,DOWN,-5.0013,5.0013,LARGE,Semi,0.495,0.0503,0.4547,0.495,1,0,0,0,1.0,2696,0.0103,0.0285,0.1176,0.0,0.0305,0.0545,0.2727,131,1,0,7.8977,12.4763,1.442,1.3363,55.42,1.9472,0.0,20232753.0
AVGO,2025-03-06,UP,8.6431,8.6431,LARGE,Semi,0.2286,0.109,0.6624,0.6624,0,0,0,0,0.0,2722,0.0,0.0,0.0,0.0,0.0157,0.0,0.0,127,0,0,-3.1446,-18.9422,3.1557,1.2828,34.43,-3.8307,-23.1627,26241460.0
AVGO,2024-12-12,UP,24.4326,24.4326,LARGE,Semi,0.8459,0.0261,0.128,0.8459,0,0,0,0,0.0,2780,0.0,0.0,0.0,0.0,0.0,0.0,0.2222,133,0,0,7.4676,12.2205,2.6774,1.3197,59.2,1.2833,-1.4789,22718700.0
AVGO,2024-09-05,DOWN,-10.3521,10.3521,LARGE,Semi,0.1446,0.051,0.8043,0.8043,1,0,0,0,1.0,2783,-0.0351,0.0959,0.0625,0.1875,0.0157,-0.159,0.5077,127,1,0,-2.5667,-2.2639,2.8848,1.2459,54.45,-0.6933,-15.4618,22114960.0
AVGO,2024-06-12,UP,12.2687,12.2687,LARGE,Semi,0.0533,0.1017,0.845,0.845,0,0,0,0,0.0,2991,0.0156,0.0341,0.125,0.0,0.0,0.0727,0.4182,107,0,0,3.3926,4.419,2.0759,1.0093,54.33,0.2109,0.0,27658800.0
AVGO,2024-03-07,DOWN,-6.9857,6.9857,LARGE,Semi,0.0626,0.0374,0.9,0.9,0,0,0,0,0.0,3358,-0.0125,0.0331,0.0,0.125,0.0153,-0.0667,0.4,131,0,0,3.807,6.9544,2.9284,1.4024,57.07,0.9559,-3.7269,27118533.0
PYPL,2026-02-04,DOWN,-2.7541,2.7541,MEDIUM,Fintech,0.0282,0.1933,0.7784,0.7784,0,0,0,0,0.0,2434,0.0083,0.0242,0.1053,0.0,0.0155,0.0473,0.16,129,0,0,-22.892,-26.273,5.3208,2.5217,30.49,-0.6255,-53.3053,24818213.0
PYPL,2025-10-29,DOWN,-2.5115,2.5115,MEDIUM,Fintech,0.0255,0.6414,0.3331,0.6414,0,1,0,0,-1.0,2552,-0.0124,0.0618,0.0556,0.1111,0.031,-0.0406,0.2923,129,0,1,7.2719,-4.0851,2.8731,2.0049,37.22,-0.1701,-20.4662,18484707.0
PYPL,2025-07-29,DOWN,-2.4353,2.4353,MEDIUM,Fintech,0.1587,0.0224,0.8189,0.8189,0,0,0,0,0.0,2577,0.0619,0.1166,0.2941,0.0,0.0136,0.1543,0.3179,147,0,0,2.9211,4.2516,1.9844,1.1031,30.55,0.2994,-14.8023,10083580.0
PYPL,2025-04-29,DOWN,-0.7238,0.7238,SMALL,Fintech,0.0139,0.9284,0.0576,0.9284,0,0,0,0,0.0,2601,-0.0367,0.0967,0.0,0.1765,0.032,-0.0855,0.2752,125,0,0,5.7147,10.9346,3.7443,0.919,65.37,0.3396,-29.2779,12267793.0
PYPL,2025-02-04,UP,1.8977,1.8977,SMALL,Fintech,0.0316,0.6168,0.3516,0.6168,0,0,0,0,0.0,2689,-0.0043,0.0379,0.0588,0.0588,0.0292,-0.0278,0.3368,137,0,0,1.4968,6.5722,1.8178,1.0458,58.95,0.1257,-2.5052,8686700.0
PYPL,2024-10-29,DOWN,-2.566,2.566,MEDIUM,Fintech,0.0729,0.2906,0.6366,0.6366,0,0,0,0,0.0,2675,0.0101,0.0431,0.1176,0.0588,0.0292,0.0396,0.2824,137,0,0,3.3123,2.9941,1.4277,1.2111,45.11,0.119,0.0,8213500.0
PYPL,2024-07-30,UP,2.7812,2.7812,MEDIUM,Fintech,0.123,0.0271,0.8499,0.8499,0,0,0,0,0.0,2299,0.0338,0.0762,0.2222,0.0,0.0,0.0975,0.1818,121,0,0,-1.2896,-0.1017,1.6529,1.2402,50.22,-0.1172,-22.2633,9725787.0
PYPL,2024-04-30,DOWN,-2.6207,2.6207,MEDIUM,Fintech,0.0559,0.3945,0.5496,0.5496,0,0,0,0,0.0,2404,-0.0061,0.0172,0.0,0.0588,0.0,-0.0227,0.0682,153,0,0,3.9733,-0.0149,1.4871,1.4063,57.53,-0.0205,-11.8553,10679140.0
ADBE,2026-03-18,DOWN,-0.0041,0.0041,SMALL,Tech,0.0082,0.9438,0.048,0.9438,0,0,0,0,0.0,2832,0.0238,0.1114,0.08,0.08,0.0126,0.0765,0.1753,159,0,0,-7.128,-1.4003,2.6303,1.7477,41.1,-0.3047,-39.574,6778760.0
ADBE,2025-12-11,UP,1.7122,1.7122,SMALL,Tech,0.0861,0.0753,0.8385,0.8385,0,0,0,0,0.0,2686,0.0295,0.099,0.0909,0.0,0.0,0.1238,0.2095,155,0,0,4.3805,7.8652,1.9782,1.2042,62.3,2.1435,-37.6048,4249473.0
ADBE,2025-09-11,DOWN,-0.3395,0.3395,SMALL,Tech,0.1039,0.5284,0.3677,0.5284,1,0,0,0,1.0,2592,0.0027,0.0314,0.0556,0.0556,0.0284,0.0131,0.1594,141,1,0,1.6991,-0.9252,1.6183,1.2646,44.16,-0.5323,-40.3018,3669273.0
ADBE,2025-06-12,DOWN,-5.3181,5.3181,LARGE,Tech,0.4523,0.075,0.4727,0.4727,1,0,0,0,1.0,2443,0.0372,0.0824,0.1875,0.0,0.0272,0.1587,0.2063,147,1,0,-0.5684,-0.2874,1.1541,1.1418,42.0,0.2414,-29.6155,2641040.0
ADBE,2025-03-12,DOWN,-13.8532,13.8532,LARGE,Tech,0.0938,0.0546,0.8517,0.8517,0,0,0,0,0.0,2504,0.0361,0.1083,0.1111,0.0,0.0144,0.0963,0.163,139,0,0,-3.8959,-5.1051,1.2339,1.179,37.65,-0.7788,-26.066,2879927.0
ADBE,2024-12-11,DOWN,-13.6926,13.6926,LARGE,Tech,0.0269,0.7954,0.1777,0.7954,0,0,0,0,0.0,2475,0.0,0.0,0.0,0.0,0.0472,0.0,0.0,127,0,0,1.9683,9.4954,1.4482,1.2584,60.31,3.5974,-13.8178,2467600.0
ADBE,2024-09-12,DOWN,-8.4699,8.4699,LARGE,Tech,0.1195,0.0315,0.849,0.849,0,0,0,0,0.0,2834,0.0,0.0,0.0,0.0,0.015,0.0,0.0,133,0,0,2.1922,2.5787,1.0399,1.2054,45.2,1.1047,-8.567,1855027.0
ADBE,2024-06-13,UP,14.5115,14.5115,LARGE,Tech,0.2478,0.1861,0.5661,0.5661,1,0,0,0,1.0,2723,0.0278,0.0786,0.1111,0.0,0.0252,0.1429,0.1429,159,1,0,0.3798,-4.9718,2.0622,0.9391,44.37,-1.6305,-27.5521,3400640.0
SHOP,2026-02-11,DOWN,-6.7812,6.7812,LARGE,Tech,0.009,0.9427,0.0483,0.9427,0,0,0,0,0.0,2332,-0.0331,0.1107,0.1053,0.2105,0.0,-0.0645,0.2221,143,0,0,11.5945,-8.1565,4.5987,1.2691,35.76,-1.947,-28.9202,14439807.0
SHOP,2025-11-12,DOWN,-6.5458,6.5458,LARGE,Tech,0.0114,0.9144,0.0742,0.9144,0,0,0,0,0.0,2564,0.0149,0.0356,0.125,0.0,0.0129,0.0309,0.0948,155,0,0,-2.4429,-1.8949,3.0333,0.926,33.97,-1.1931,-11.2117,9776667.0
SHOP,2025-08-06,DOWN,-2.4726,2.4726,MEDIUM,Tech,0.1453,0.0801,0.7746,0.7746,0,0,0,0,0.0,2370,0.0396,0.0876,0.1875,0.0,0.0142,0.1222,0.1778,141,0,0,3.2436,5.8333,2.6654,1.0631,60.48,-0.0697,-1.7864,8149400.0
SHOP,2025-05-07,DOWN,-0.5291,0.5291,SMALL,Tech,0.2441,0.0377,0.7181,0.7181,1,0,0,0,1.0,2563,0.0556,0.1667,0.1111,0.0,0.0444,0.1905,0.2857,135,1,0,-1.2316,11.8222,3.0887,1.1384,52.27,1.2239,-27.4379,9333060.0
SHOP,2025-02-11,DOWN,-2.5083,2.5083,MEDIUM,Tech,0.0436,0.3174,0.639,0.639,0,0,0,1,0.0,2683,0.041,0.0974,0.2222,0.0,0.0292,0.1073,0.2309,137,0,1,0.5873,12.8152,3.0098,1.1919,70.84,1.1062,-1.5033,7300260.0
SHOP,2024-11-12,UP,5.6647,5.6647,LARGE,Tech,0.0473,0.1859,0.7668,0.7668,0,0,0,0,0.0,2534,0.0102,0.0325,0.1,0.0,0.0142,0.0341,0.1136,141,0,0,13.0954,10.2683,1.9338,1.9416,58.01,0.4919,-0.8047,5850307.0
SHOP,2024-08-07,UP,7.2938,7.2938,LARGE,Tech,0.1823,0.1584,0.6592,0.6592,0,0,0,0,0.0,2802,0.0108,0.0333,0.1053,0.0,0.014,0.0273,0.0909,143,0,0,-11.4052,-16.3401,2.9896,1.8168,37.11,-0.7323,-40.2337,9806833.0
SHOP,2024-05-08,DOWN,-0.4464,0.4464,SMALL,Tech,0.0714,0.0393,0.8893,0.8893,0,0,0,0,0.0,2410,0.0494,0.1581,0.1111,0.0,0.0163,0.1333,0.2,123,0,0,9.446,11.0071,2.3081,1.2358,48.01,0.4192,-15.0683,8030860.0
UBER,2026-02-05,DOWN,-0.585,0.585,SMALL,Consumer,0.0375,0.8915,0.071,0.8915,0,0,0,0,0.0,2914,0.0325,0.0862,0.2,0.0,0.0,0.0953,0.1498,155,0,0,-9.5226,-12.6757,1.8656,1.5947,39.18,-0.5816,-26.1538,23196293.0
UBER,2025-11-06,DOWN,-0.1411,0.1411,SMALL,Consumer,0.0731,0.094,0.8329,0.8329,0,0,0,0,0.0,2802,0.0197,0.0504,0.1053,0.0,0.0382,0.0818,0.1636,157,0,0,-3.876,0.2486,2.0635,1.8529,51.27,0.2725,-7.3427,17589787.0
UBER,2025-08-06,UP,3.8668,3.8668,MEDIUM,Consumer,0.0082,0.9654,0.0264,0.9654,0,0,0,0,0.0,2804,0.0255,0.0764,0.1905,0.0952,0.0272,0.0699,0.2105,147,0,0,1.9968,-1.4986,1.3918,1.1102,31.44,-0.2584,-8.2991,17032573.0
UBER,2025-05-07,DOWN,-1.6139,1.6139,SMALL,Consumer,0.0723,0.1971,0.7305,0.7305,0,0,0,0,0.0,2700,-0.0044,0.0186,0.0,0.0526,0.0142,-0.0167,0.0167,141,0,0,5.9499,15.9552,2.2283,1.3287,66.61,0.9472,-0.5907,19598147.0
UBER,2025-02-05,UP,8.5453,8.5453,LARGE,Consumer,0.0127,0.9663,0.021,0.9663,0,0,0,0,0.0,2661,0.0208,0.0455,0.2105,0.0,0.028,0.068,0.1876,143,0,0,4.4944,7.5725,1.6011,1.0908,49.98,0.0798,-19.2147,24096440.0
UBER,2024-11-06,DOWN,-1.6541,1.6541,SMALL,Consumer,0.1165,0.0739,0.8096,0.8096,0,0,0,0,0.0,2617,0.0187,0.0393,0.1875,0.0,0.0292,0.0692,0.2923,137,0,0,-6.6474,-9.4628,2.7063,1.1041,33.03,-0.5793,-14.1186,18345433.0
UBER,2024-08-06,UP,1.0328,1.0328,SMALL,Consumer,0.1269,0.7734,0.0997,0.7734,0,0,0,0,0.0,2469,0.0343,0.0678,0.2105,0.0,0.0144,0.1046,0.3269,139,0,0,-7.307,-21.2921,2.544,1.3631,36.81,-0.8188,-28.1484,19242147.0
UBER,2024-05-08,UP,2.3042,2.3042,MEDIUM,Consumer,0.1656,0.2472,0.5871,0.5871,0,0,0,0,0.0,2648,0.0,0.0,0.0,0.0,0.0,0.0,0.0,135,0,0,3.8944,-2.099,1.8845,1.0344,60.38,-0.0997,-13.466,20942360.0
ABNB,2026-02-12,UP,4.6482,4.6482,MEDIUM,Consumer,0.0856,0.1856,0.7288,0.7288,0,0,0,0,0.0,2716,0.0384,0.1024,0.1667,0.0,0.0,0.076,0.1751,183,0,0,-1.4183,-10.6502,2.1324,1.2463,37.47,-1.1562,-25.9385,4351567.0
ABNB,2025-11-06,UP,0.2904,0.2904,SMALL,Consumer,0.1879,0.0643,0.7477,0.7477,0,0,0,0,0.0,2511,-0.0156,0.0423,0.0,0.125,0.0144,-0.0667,0.0667,139,0,0,-3.0394,-0.3174,1.3202,1.1696,42.12,-0.1408,-24.111,4161313.0
ABNB,2025-08-06,DOWN,-8.023,8.023,LARGE,Consumer,0.5194,0.0572,0.4234,0.5194,1,0,0,0,1.0,2259,0.0,0.0,0.0,0.0,0.0354,0.0,0.0,113,1,0,-3.5547,-4.9375,1.7331,1.6054,37.64,-0.7,-19.4895,3749453.0
ABNB,2025-05-07,UP,2.6559,2.6559,MEDIUM,Consumer,0.1029,0.2919,0.6052,0.6052,0,0,0,0,0.0,2544,0.0139,0.0433,0.0952,0.0,0.0165,0.0714,0.0714,121,0,0,-0.2051,6.1322,1.8853,1.3033,49.11,0.972,-24.8951,5957113.0
ABNB,2025-02-13,UP,14.4498,14.4498,LARGE,Consumer,0.0895,0.0708,0.8397,0.8397,0,0,0,0,0.0,2069,0.0071,0.0192,0.0625,0.0,0.0,0.0248,0.0826,107,0,0,5.9968,5.4638,2.0175,1.1715,55.89,0.4922,-16.4467,4253807.0
ABNB,2024-11-07,DOWN,-8.6585,8.6585,LARGE,Consumer,0.1158,0.4035,0.4807,0.4807,0,0,0,0,0.0,2287,0.057,0.1185,0.2105,0.0,0.014,0.1576,0.2667,143,0,0,4.5404,3.5951,1.2805,1.2399,39.07,0.2273,-16.2148,3376513.0
ABNB,2024-08-06,DOWN,-13.3824,13.3824,LARGE,Consumer,0.7008,0.0459,0.2533,0.7008,0,0,0,0,0.0,2055,0.0088,0.045,0.1176,0.0588,0.0165,0.041,0.1385,121,0,0,-9.8424,-17.1559,1.7831,1.5464,19.31,-1.5984,-25.4905,4404720.0
ABNB,2024-05-08,DOWN,-6.8714,6.8714,LARGE,Consumer,0.0565,0.04,0.9035,0.9035,0,0,0,0,0.0,2262,0.0141,0.041,0.1176,0.0,0.015,0.0356,0.12,133,0,0,2.3373,0.9093,1.6343,1.0251,38.25,0.1007,-4.9768,3368153.0
